area_cortical,n_fallas,fallas,eventos,eventos_asociados
MOCO38,26,Falla de Acevedo Sur (Falla inversa o de cabalgamiento); Falla de Churumbelo (Falla inversa o de cabalgamiento); Falla de El Doncello (Falla inversa o de cabalgamiento); Falla de El Doncello Norte (Falla inversa o de cabalgamiento); Falla de El Doncello Sur (Falla inversa o de cabalgamiento); Falla de Florencia Norte (Falla inversa o de cabalgamiento); Falla de La Tebaida (Falla inversa o de cabalgamiento); Falla de La Tortuga (Falla); Falla de La Unión (Falla de rumbo dextral); Falla de Las Doradas (Falla inversa o de cabalgamiento); Falla de Las Perlas (Falla inversa o de cabalgamiento); Falla de Losada (Falla inversa o de cabalgamiento); Falla de Paujil (Falla inversa o de cabalgamiento); Falla de Resinas (Falla); Falla de Río Pato (Falla inversa o de cabalgamiento); Falla de San Antonio (Falla inversa o de cabalgamiento); Falla de San Pedro Oeste (Falla inversa o de cabalgamiento); Falla de Sibundoy (Falla de rumbo dextral); Falla de Suaza (Falla inversa o de cabalgamiento); Falla de Vicusique (Falla inversa o de cabalgamiento); Falla del Borde Amazónico (Falla inversa o de cabalgamiento); Falla del Carmen (Falla inversa o de cabalgamiento); Sistema de Fallas de Conejo (Falla inversa o de cabalgamiento); Sistema de Fallas de Los Loros (Falla inversa o de cabalgamiento); Sistema de Fallas del Borde Amazónico (Falla inversa o de cabalgamiento); Sistema de Fallas del Caguán (Falla inversa o de cabalgamiento),23,23
SFRS34,29,Falla de Cauca-Almaguer (Falla); Falla de Cauca-Almaguer (Falla cubierta); Falla de Cauca-Patía (Falla); Falla de Cauca-Patía (Falla cubierta); Falla de Guabas (Falla de rumbo sinestral); Falla de Guayabillas (Falla); Falla de Las Estrellas (Falla); Falla de Las Estrellas (Falla cubierta); Falla de Manchabajoy (Falla); Falla de Mosquerillo (Falla); Falla de Mosquerillo (Falla cubierta); Falla de Pancitará (Falla); Falla de Pasto (Falla de rumbo dextral); Falla de Pasto (Falla de rumbo dextral cubierta); Falla de Popayán (Falla); Falla de Popayán (Falla cubierta); Falla de Río Téllez (Falla); Falla de San Jerónimo (Falla); Falla de San Jerónimo (Falla cubierta); Falla de Silvia-Pijao (Falla); Falla de Silvia-Pijao (Falla cubierta); Falla de Silvia-Pijao (Falla de rumbo dextral); Falla de Silvia-Pijao (Falla de rumbo dextral cubierta); Falla de Tambo (Falla); Falla de Taminango-Mosquerillo (Falla); Falla de Yumbo (Falla); Falla del Crucero (Falla de rumbo dextral); Falla del Crucero Occidental (Falla); Falla del Crucero Occidental (Falla cubierta),13,13
COCP35,19,Falla de Ancuya-El Peñol (Falla); Falla de Bellavista (Falla inversa o de cabalgamiento); Falla de Cali-Patía (Falla); Falla de Cali-Patía (Falla inversa o de cabalgamiento); Falla de Cali-Patía (Falla inversa o de cabalgamiento cubierta); Falla de Cauca-Patía (Falla); Falla de Chimborazo (Falla inversa o de cabalgamiento); Falla de Guabas (Falla de rumbo sinestral); Falla de Guayabillas (Falla); Falla de La Llanada (Falla); Falla de La Mesa (Falla); Falla de La Palma (Falla); Falla de Mamacón de San Jorge (Falla); Falla de Mamacón de San Jorge (Falla cubierta); Falla de Micay (Falla); Falla de Mosquerillo (Falla); Falla de Río Bravo (Falla); Falla de Yumbo (Falla); Sistema de Fallas de Granada (Falla),7,7
PATP36,9,Falla de Cisneros (Falla); Falla de Cuercuel (Falla); Falla de Cumbitara (Falla); Falla de Junín Sumbiambí (Falla de rumbo sinestral); Falla de Micay (Falla); Falla de Piedramadura (Falla inversa o de cabalgamiento); Falla de Río Güiza (Falla); Falla de Tambo (Falla); Falla de Tomasito (Falla inversa o de cabalgamiento),41,33
SFRC28,16,Falla de Armenia (Falla); Falla de Cauca-Almaguer (Falla); Falla de Cauca-Almaguer (Falla cubierta); Falla de El Ahorcado (Falla); Falla de Guabas-Pradera (Falla inversa o de cabalgamiento); Falla de Guabas-Pradera (Falla inversa o de cabalgamiento cubierta); Falla de Montenegro (Falla); Falla de Popayán (Falla); Falla de Potrerillos (Falla); Falla de Potrerillos (Falla cubierta); Falla de Quebrada Nueva (Falla); Falla de Rosario (Falla); Falla de San Jerónimo (Falla); Falla de Silvia-Pijao (Falla); Falla de Silvia-Pijao (Falla cubierta); Falla del Río Zabaletas (Falla),5,3
CODC27,26,Falla de Andinápolis (Falla); Falla de Apía (Falla); Falla de Apía (Falla cubierta); Falla de Bellavista (Falla inversa o de cabalgamiento); Falla de Cali-Patía (Falla); Falla de Cali-Patía (Falla cubierta); Falla de Cisneros (Falla); Falla de Dagua-Calima (Falla normal); Falla de Garrapatas (Falla de rumbo dextral); Falla de Guarato (Falla); Falla de La Argelia (Falla); Falla de Las Cañas (Falla); Falla de Las Cañas (Falla cubierta); Falla de Mistrató (Falla); Falla de Mistrató (Falla cubierta); Falla de Potrerillos (Falla); Falla de Roldanillo (Falla); Falla de Río Bravo (Falla); Falla de Santana (Falla); Falla de Santana (Falla cubierta); Falla de Sevilla (Falla); Falla de Sevilla (Falla cubierta); Falla de Toro (Falla); Falla de Toro (Falla cubierta); Falla de Trujillo (Falla); Falla del Dovio (Falla),2,2
CCIC29,14,Falla de Cambao (Falla inversa o de cabalgamiento); Falla de Chapetón-Pericos (Falla de rumbo dextral); Falla de Cucuana (Falla de rumbo dextral); Falla de Doima (Falla); Falla de Ibagué (Falla de rumbo dextral); Falla de La Cañada-Tomogó (Falla inversa o de cabalgamiento); Falla de La Colorada-Samaria (Falla); Falla de La Pava (Falla inversa o de cabalgamiento); Falla de La Sierra (Falla); Falla de Los Naranjos (Falla inversa o de cabalgamiento); Falla de Mendarco-La Soledad (Falla); Falla de Palestina (Falla); Falla de Rosario (Falla); Falla de San Jerónimo (Falla),30,30
PAGI26,14,Falla de Amurrapá (Falla); Falla de Cisneros (Falla); Falla de Dipurdú de Los Indios (Falla); Falla de Garrapatas (Falla cubierta); Falla de Garrapatas (Falla de rumbo dextral); Falla de Guarato (Falla); Falla de La Argelia (Falla); Falla de Quebrada Santa Bárbara (Falla); Falla de Río Blanco Este (Falla); Falla de Río Blanco Oeste (Falla); Falla de Río Dovio (Falla); Falla de Río Pepe (Falla inversa o de cabalgamiento); Falla de San Juan (Falla inversa o de cabalgamiento); Falla de Urabá (Falla),88,54
COUA25,10,Falla de Amurrapá (Falla); Falla de Apía (Falla); Falla de Arma (Falla); Falla de Cauca-Almaguer (Falla); Falla de Encarnación (Falla); Falla de La Mansa (Falla); Falla de Mistrató (Falla); Falla de Penderisco (Falla); Falla de San Francisco (Falla de rumbo sinestral); Falla de San Juan (Falla de rumbo dextral),0,0
GUAY19,26,Falla de Algeciras (Falla de rumbo dextral); Falla de Chámeza (Falla de rumbo dextral); Falla de Chámeza (Falla inversa o de cabalgamiento); Falla de Cusiana (Falla inversa o de cabalgamiento); Falla de Cusiana (Falla inversa o de cabalgamiento cubierta); Falla de El Tabor (Falla); Falla de El Trueno (Falla); Falla de Guaicáramo (Falla inversa o de cabalgamiento); Falla de Guaicáramo (Falla inversa o de cabalgamiento cubierta); Falla de Hirva (Falla); Falla de Manzanares (Falla inversa o de cabalgamiento); Falla de Pajarito (Falla inversa o de cabalgamiento); Falla de Paz de Ariporo (Falla inversa o de cabalgamiento); Falla de Río Blanco (Falla inversa o de cabalgamiento); Falla de Río Grande (Falla inversa o de cabalgamiento); Falla de Santa María (Falla inversa o de cabalgamiento); Falla de Servitá (Falla inversa o de cabalgamiento); Falla de Tesalia (Falla inversa o de cabalgamiento); Falla de Villavicencio (Falla inversa o de cabalgamiento); Falla de Villavicencio (Falla inversa o de cabalgamiento cubierta); Falla de Yopal (Falla inversa o de cabalgamiento); Falla de Yopal (Falla inversa o de cabalgamiento cubierta); Falla del Engaño (Falla inversa o de cabalgamiento); Falla del Río Ariari (Falla de rumbo dextral); Falla del Río Ariari (Falla de rumbo dextral cubierta); Falla del Río Grande (Falla inversa o de cabalgamiento),48,48
CORQ20,22,Falla de Chámeza (Falla inversa o de cabalgamiento); Falla de Cortizal (Falla); Falla de El Tabor (Falla); Falla de Hirva (Falla); Falla de La Palma (Falla inversa o de cabalgamiento); Falla de Los Tendidos (Falla de rumbo dextral); Falla de Periquilla (Falla); Falla de Potrerillos (Falla); Falla de Puente Tabla (Falla inversa o de cabalgamiento); Falla de Quetame (Falla); Falla de Río Blanco (Falla inversa o de cabalgamiento); Falla de Río Rucio (Falla de rumbo dextral); Falla de San Agustín (Falla inversa o de cabalgamiento); Falla de San Eduardo (Falla inversa o de cabalgamiento); Falla de San Isidro-Quebrada Negra (Falla); Falla de Santa María (Falla inversa o de cabalgamiento); Falla de Soapaga (Falla inversa o de cabalgamiento); Falla de Soapaga (Falla inversa o de cabalgamiento cubierta); Falla del Engaño (Falla inversa o de cabalgamiento); Falla del Río Chiquito (Falla inversa o de cabalgamiento); Falla del Río Garagoa (Falla inversa o de cabalgamiento); Falla del Río Grande (Falla inversa o de cabalgamiento),58,58
ALGE31,39,Falla de Acevedo Centro (Falla); Falla de Acevedo Centro (Falla inversa o de cabalgamiento); Falla de Acevedo Sur (Falla inversa o de cabalgamiento); Falla de Algeciras (Falla de rumbo dextral); Falla de Altamira (Falla inversa o de cabalgamiento); Falla de Altamizal (Falla inversa o de cabalgamiento); Falla de Baraya (Falla inversa o de cabalgamiento); Falla de Churumbelo (Falla inversa o de cabalgamiento); Falla de El Agrado-Betania (Falla inversa o de cabalgamiento); Falla de El Doncello Norte (Falla inversa o de cabalgamiento); Falla de Gigante (Falla inversa o de cabalgamiento); Falla de Gigante (Falla inversa o de cabalgamiento cubierta); Falla de Granadillo-Timaná (Falla); Falla de La Florida (Falla inversa o de cabalgamiento); Falla de La Florida (Falla inversa o de cabalgamiento cubierta); Falla de La Tebaida (Falla inversa o de cabalgamiento); Falla de La Tortuga (Falla inversa o de cabalgamiento); Falla de La Troja (Falla inversa o de cabalgamiento); Falla de Los Azules (Falla); Falla de Losada (Falla inversa o de cabalgamiento); Falla de Matanzas (Falla); Falla de Mocoa (Falla inversa o de cabalgamiento); Falla de Oritoguas (Falla); Falla de Pitalito (Falla); Falla de Pitalito (Falla cubierta); Falla de Potrerillos-Rivera (Falla inversa o de cabalgamiento); Falla de Resinas (Falla); Falla de Río Bravo (Falla inversa o de cabalgamiento); Falla de Río Grande (Falla de rumbo dextral); Falla de Río Pato (Falla inversa o de cabalgamiento); Falla de San Antonio (Falla de rumbo dextral); Falla de San Eduardo (Falla inversa o de cabalgamiento); Falla de San Francisco-Yunguillo (Falla inversa o de cabalgamiento); Falla de Santana Ramos (Falla de rumbo dextral); Falla de Suaza (Falla inversa o de cabalgamiento); Falla de Villa Lucía (Falla inversa o de cabalgamiento); Falla de Villalobos (Falla inversa o de cabalgamiento); Falla del Río Grande (Falla inversa o de cabalgamiento); Sistema de Fallas de Acevedo (Falla inversa o de cabalgamiento),568,563
COFS22,19,Falla de Betania (Falla inversa o de cabalgamiento); Falla de Bilbao Romero (Falla inversa o de cabalgamiento); Falla de Bituima (Falla inversa o de cabalgamiento); Falla de Cambao (Falla inversa o de cabalgamiento); Falla de Cambao (Falla inversa o de cabalgamiento cubierta); Falla de Chital (Falla inversa o de cabalgamiento); Falla de Honda (Falla inversa o de cabalgamiento); Falla de Honda (Falla inversa o de cabalgamiento cubierta); Falla de La Salina (Falla inversa o de cabalgamiento); Falla de Muzo (Falla inversa o de cabalgamiento); Falla de Peña Blanca (Falla); Falla de Quebrada Honda (Falla inversa o de cabalgamiento); Falla de Soacha Albán (Falla inversa o de cabalgamiento); Falla de Supatá (Falla inversa o de cabalgamiento); Falla de Suárez (Falla de rumbo dextral); Falla de Tambrías (Falla inversa o de cabalgamiento); Falla de Vianí (Falla de rumbo dextral); Falla de Zulia-Albania (Falla de rumbo sinestral); Falla del Alto del Trigo (Falla inversa o de cabalgamiento),89,89
SFRN24,15,Falla de Aranzazu (Falla); Falla de Aranzazu (Falla cubierta); Falla de Arma (Falla); Falla de Armenia (Falla); Falla de Cauca-Almaguer (Falla); Falla de Cauca-Almaguer (Falla cubierta); Falla de La Estufa (Falla); Falla de Potrerillos (Falla); Falla de Quirimará (Falla); Falla de Samaná (Falla); Falla de San Jerónimo (Falla); Falla de San Jerónimo (Falla cubierta); Falla de Santa Isabel (Falla); Falla de Silvia-Pijao (Falla); Falla de Silvia-Pijao (Falla cubierta),0,0
CCPM23,10,Falla de Chapetón-Pericos (Falla de rumbo dextral); Falla de Chupadero (Falla); Falla de Cocorná (Falla de rumbo dextral); Falla de Jetudo (Falla de rumbo dextral); Falla de La Sierra (Falla); Falla de La Sierra (Falla cubierta); Falla de Mulatos (Falla de rumbo dextral); Falla de Palestina (Falla); Falla de Palestina (Falla de rumbo dextral); Falla de San Jerónimo (Falla),25,25
BOCH21,11,Falla de Boyacá (Falla); Falla de Boyacá (Falla inversa o de cabalgamiento); Falla de Chivatá (Falla); Falla de Chocontá (Falla inversa o de cabalgamiento); Falla de Chocontá-Pericos (Falla inversa o de cabalgamiento); Falla de Machetá (Falla de rumbo dextral); Falla de Machetá (Falla inversa o de cabalgamiento); Falla de Soapaga (Falla inversa o de cabalgamiento); Falla de Soapaga (Falla inversa o de cabalgamiento cubierta); Falla de Suesca (Falla inversa o de cabalgamiento); Falla del Encino (Falla),0,0
SLUC13,3,Falla de Cocorná (Falla de rumbo dextral); Falla de Jetudo (Falla de rumbo dextral); Falla de Palestina (Falla de rumbo dextral),0,0
STAM06,0,,0,0
BUCA14,2,Falla de Boyacá (Falla); Falla de Soapaga (Falla inversa o de cabalgamiento),0,0
PERI05,0,,0,0
CATA15,0,,0,0
CHUC18,0,,0,0
CUBR17,0,,0,0
ROSM07,0,,0,0
CCES12,0,,0,0
OCAC04,0,,0,0
QUIB10,2,Falla de Río Condotico (Falla); Falla de Río Condotico (Falla cubierta),0,0
MUCM08,0,,0,0
MURI11,4,Falla de Atratico (Falla de rumbo dextral); Falla de Encarnación (Falla); Falla de Quebrada Santa Bárbara (Falla); Falla de Quebrada Santa Bárbara (Falla cubierta),0,0
MOTO33,18,Falla de Avirama (Falla inversa o de cabalgamiento); Falla de Coconucos (Falla); Falla de Inzá (Falla inversa o de cabalgamiento); Falla de Inzá (Falla inversa o de cabalgamiento cubierta); Falla de Mendarco-La Soledad (Falla); Falla de Meridiano (Falla); Falla de Moras (Falla); Falla de Moras (Falla cubierta); Falla de Moras Oeste (Falla); Falla de Moras Oeste (Falla cubierta); Falla de Saldaña (Falla); Falla de San Jerónimo (Falla); Falla de San Jerónimo (Falla cubierta); Falla de Santa Rosa (Falla inversa o de cabalgamiento); Falla de Siquila (Falla); Falla de Símbola (Falla); Falla de Tálaga (Falla); Falla del Hereje (Falla),79,79
CHUP32,26,Falla de Aguas Blancas (Falla inversa o de cabalgamiento); Falla de Aucayaco (Falla); Falla de Avirama (Falla inversa o de cabalgamiento); Falla de Bache (Falla inversa o de cabalgamiento); Falla de Chusma (Falla inversa o de cabalgamiento); Falla de Coconucos (Falla); Falla de Colón (Falla); Falla de El Agrado-Betania (Falla inversa o de cabalgamiento); Falla de El Fraile-La Pava (Falla inversa o de cabalgamiento); Falla de Granadillo-Timaná (Falla); Falla de Inzá (Falla inversa o de cabalgamiento); Falla de Inzá (Falla inversa o de cabalgamiento cubierta); Falla de La Macana (Falla inversa o de cabalgamiento); Falla de La Pava (Falla inversa o de cabalgamiento); Falla de La Plata (Falla inversa o de cabalgamiento); Falla de La Plata (Falla inversa o de cabalgamiento cubierta); Falla de Las Minas-San Andrés (Falla inversa o de cabalgamiento); Falla de Oritoguas (Falla); Falla de Pacarní (Falla inversa o de cabalgamiento); Falla de Paso de Bobo (Falla cubierta); Falla de Prado (Falla inversa o de cabalgamiento); Falla de Río Blanco (Falla inversa o de cabalgamiento); Falla de San Francisco (Falla inversa o de cabalgamiento); Falla de Santa Rosa (Falla inversa o de cabalgamiento); Falla de Teruel (Falla de rumbo dextral); Falla de Upar (Falla inversa o de cabalgamiento),64,64
NPDB01,0,,0,0
SPSJ09,0,,0,0
CARW02,0,,0,0
CARE03,0,,0,0
FBVE16,0,,0,0
AFSI37,10,Falla de Colón (Falla); Falla de La Tortuga (Falla); Falla de La Tortuga (Falla inversa o de cabalgamiento); Falla de La Victoria (Falla); Falla de Río Téllez (Falla); Falla de San Francisco-Yunguillo (Falla); Falla de San Francisco-Yunguillo (Falla inversa o de cabalgamiento); Falla de Sibundoy (Falla de rumbo dextral); Falla de Sibundoy (Falla de rumbo dextral cubierta); Sistema de Fallas de Afiladores (Falla inversa o de cabalgamiento),1,1
PRAD30,10,Falla de Altamizal (Falla inversa o de cabalgamiento); Falla de Baraya (Falla inversa o de cabalgamiento); Falla de El Crucero (Falla inversa o de cabalgamiento); Falla de El Nueve (Falla inversa o de cabalgamiento); Falla de La Cascada (Falla de rumbo dextral); Falla de La Ruidosa (Falla); Falla de La Yuca (Falla inversa o de cabalgamiento); Falla de Pandi (Falla inversa o de cabalgamiento); Falla de Piedra Gorda (Falla inversa o de cabalgamiento); Falla de Prado (Falla inversa o de cabalgamiento),27,27
ECUC,0,,0,0
SAND39,0,,0,0
