Period(s),Sa(g)
0.0,0.25
0.01,0.28750000000000003
0.02,0.325
0.03,0.36250000000000004
0.04,0.4
0.05,0.4375
0.06,0.475
0.07,0.5125000000000001
0.08,0.5499999999999999
0.09,0.5874999999999999
0.1,0.625
0.11,0.625
0.12,0.625
0.13,0.625
0.14,0.625
0.15,0.625
0.16,0.625
0.17,0.625
0.18,0.625
0.19,0.625
0.2,0.625
0.21,0.625
0.22,0.625
0.23,0.625
0.24,0.625
0.25,0.625
0.26,0.625
0.27,0.625
0.28,0.625
0.29,0.625
0.3,0.625
0.31,0.625
0.32,0.625
0.33,0.625
0.34,0.625
0.35000000000000003,0.625
0.36,0.625
0.37,0.625
0.38,0.625
0.39,0.625
0.4,0.625
0.41000000000000003,0.625
0.42,0.625
0.43,0.625
0.44,0.625
0.45,0.625
0.46,0.625
0.47000000000000003,0.625
0.48,0.625
0.49,0.6122448979591837
0.5,0.6
0.51,0.5882352941176471
0.52,0.5769230769230769
0.53,0.5660377358490566
0.54,0.5555555555555555
0.55,0.5454545454545454
0.56,0.5357142857142857
0.5700000000000001,0.5263157894736842
0.58,0.5172413793103449
0.59,0.5084745762711864
0.6,0.5
0.61,0.4918032786885246
0.62,0.48387096774193544
0.63,0.47619047619047616
0.64,0.46875
0.65,0.4615384615384615
0.66,0.45454545454545453
0.67,0.4477611940298507
0.68,0.4411764705882352
0.6900000000000001,0.4347826086956521
0.7000000000000001,0.4285714285714285
0.71,0.4225352112676056
0.72,0.4166666666666667
0.73,0.410958904109589
0.74,0.4054054054054054
0.75,0.39999999999999997
0.76,0.39473684210526316
0.77,0.3896103896103896
0.78,0.3846153846153846
0.79,0.37974683544303794
0.8,0.37499999999999994
0.81,0.37037037037037035
0.8200000000000001,0.3658536585365853
0.8300000000000001,0.36144578313253006
0.84,0.35714285714285715
0.85,0.35294117647058826
0.86,0.3488372093023256
0.87,0.3448275862068965
0.88,0.3409090909090909
0.89,0.33707865168539325
0.9,0.3333333333333333
0.91,0.32967032967032966
0.92,0.3260869565217391
0.93,0.3225806451612903
0.9400000000000001,0.3191489361702127
0.9500000000000001,0.3157894736842105
0.96,0.3125
0.97,0.30927835051546393
0.98,0.30612244897959184
0.99,0.30303030303030304
1.0,0.3
1.01,0.297029702970297
1.02,0.29411764705882354
1.03,0.2912621359223301
1.04,0.28846153846153844
1.05,0.2857142857142857
1.06,0.2830188679245283
1.07,0.2803738317757009
1.08,0.27777777777777773
1.09,0.2752293577981651
1.1,0.2727272727272727
1.11,0.27027027027027023
1.12,0.26785714285714285
1.1300000000000001,0.2654867256637168
1.1400000000000001,0.2631578947368421
1.1500000000000001,0.26086956521739124
1.16,0.25862068965517243
1.17,0.25641025641025644
1.18,0.2542372881355932
1.19,0.25210084033613445
1.2,0.25
1.21,0.24793388429752067
1.22,0.2459016393442623
1.23,0.24390243902439024
1.24,0.24193548387096772
1.25,0.24
1.26,0.23809523809523808
1.27,0.23622047244094488
1.28,0.234375
1.29,0.23255813953488372
1.3,0.23076923076923075
1.31,0.22900763358778625
1.32,0.22727272727272727
1.33,0.22556390977443608
1.34,0.22388059701492535
1.35,0.2222222222222222
1.36,0.2205882352941176
1.37,0.218978102189781
1.3800000000000001,0.21739130434782605
1.3900000000000001,0.21582733812949637
1.4000000000000001,0.21428571428571425
1.41,0.2127659574468085
1.42,0.2112676056338028
1.43,0.2097902097902098
1.44,0.20833333333333334
1.45,0.20689655172413793
1.46,0.2054794520547945
1.47,0.20408163265306123
1.48,0.2027027027027027
1.49,0.20134228187919462
1.5,0.19999999999999998
1.51,0.1986754966887417
1.52,0.19736842105263158
1.53,0.19607843137254902
1.54,0.1948051948051948
1.55,0.1935483870967742
1.56,0.1923076923076923
1.57,0.19108280254777069
1.58,0.18987341772151897
1.59,0.18867924528301885
1.6,0.18749999999999997
1.61,0.18633540372670807
1.62,0.18518518518518517
1.6300000000000001,0.18404907975460122
1.6400000000000001,0.18292682926829265
1.6500000000000001,0.1818181818181818
1.6600000000000001,0.18072289156626503
1.67,0.17964071856287425
1.68,0.17857142857142858
1.69,0.17751479289940827
1.7,0.17647058823529413
1.71,0.17543859649122806
1.72,0.1744186046511628
1.73,0.17341040462427745
1.74,0.17241379310344826
1.75,0.17142857142857143
1.76,0.17045454545454544
1.77,0.1694915254237288
1.78,0.16853932584269662
1.79,0.16759776536312848
1.8,0.16666666666666666
1.81,0.16574585635359115
1.82,0.16483516483516483
1.83,0.16393442622950818
1.84,0.16304347826086954
1.85,0.16216216216216214
1.86,0.16129032258064516
1.87,0.160427807486631
1.8800000000000001,0.15957446808510636
1.8900000000000001,0.15873015873015872
1.9000000000000001,0.15789473684210525
1.9100000000000001,0.1570680628272251
1.92,0.15625
1.93,0.15544041450777202
1.94,0.15463917525773196
1.95,0.15384615384615385
1.96,0.15306122448979592
1.97,0.15228426395939085
1.98,0.15151515151515152
1.99,0.1507537688442211
2.0,0.15
2.0100000000000002,0.14925373134328357
2.02,0.1485148514851485
2.0300000000000002,0.14778325123152708
2.04,0.14705882352941177
2.05,0.14634146341463417
2.06,0.14563106796116504
2.07,0.14492753623188406
2.08,0.14423076923076922
2.09,0.14354066985645933
2.1,0.14285714285714285
2.11,0.14218009478672985
2.12,0.14150943396226415
2.13,0.14084507042253522
2.14,0.14018691588785046
2.15,0.13953488372093023
2.16,0.13888888888888887
2.17,0.1382488479262673
2.18,0.13761467889908255
2.19,0.136986301369863
2.2,0.13636363636363635
2.21,0.13574660633484162
2.22,0.13513513513513511
2.23,0.13452914798206278
2.24,0.13392857142857142
2.25,0.13333333333333333
2.2600000000000002,0.1327433628318584
2.27,0.13215859030837004
2.2800000000000002,0.13157894736842105
2.29,0.13100436681222707
2.3000000000000003,0.13043478260869562
2.31,0.12987012987012986
2.32,0.12931034482758622
2.33,0.12875536480686695
2.34,0.12820512820512822
2.35,0.1276595744680851
2.36,0.1271186440677966
2.37,0.12658227848101264
2.38,0.12605042016806722
2.39,0.12552301255230125
2.4,0.125
2.41,0.12396480776846128
2.42,0.12294242196571273
2.43,0.12193263222069806
2.44,0.12093523246439129
2.45,0.11995002082465636
2.46,0.1189767995240928
2.47,0.11801537478077002
2.48,0.11706555671175857
2.49,0.11612715923936709
2.5,0.1152
2.5100000000000002,0.11428390025555148
2.52,0.11337868480725623
2.5300000000000002,0.11248418191191861
2.54,0.1116002232004464
2.5500000000000003,0.11072664359861589
2.56,0.10986328124999999
2.57,0.1090099774409908
2.58,0.10816657652785289
2.59,0.10733292586574442
2.6,0.10650887573964496
2.61,0.10569427929713306
2.62,0.10488899248295552
2.63,0.10409287397533579
2.64,0.10330578512396693
2.65,0.10252758988964043
2.66,0.10175815478545988
2.67,0.10099734881959349
2.68,0.1002450434395188
2.69,0.0995011124777159
2.7,0.09876543209876541
2.71,0.09803788074781117
2.72,0.097318339100346
2.73,0.09660669001328342
2.74,0.09590281847727634
2.75,0.09520661157024793
2.7600000000000002,0.09451795841209829
2.77,0.09383675012055415
2.7800000000000002,0.09316287976812793
2.79,0.09249624234015492
2.8000000000000003,0.09183673469387753
2.81,0.09118425551854713
2.82,0.09053870529651427
2.83,0.08989998626527987
2.84,0.08926800238048006
2.85,0.08864265927977838
2.86,0.08802386424764048
2.87,0.08741152618096613
2.88,0.08680555555555555
2.89,0.0862058643933861
2.9,0.08561236623067776
2.91,0.08502497608672546
2.92,0.08444361043347721
2.93,0.08386818716583767
2.94,0.08329862557267806
2.95,0.08273484630853202
2.96,0.08217677136596055
2.97,0.08162432404856645
2.98,0.08107742894464214
2.99,0.08053601190143286
3.0,0.08
3.0100000000000002,0.07946932153066741
3.02,0.07894390596903644
3.0300000000000002,0.07842368395255365
3.04,0.07790858725761772
3.0500000000000003,0.0773985487772104
3.06,0.07689350249903883
3.0700000000000003,0.07639338348417489
3.08,0.07589812784617979
3.09,0.07540767273070034
3.1,0.07492195629552548
3.11,0.07444091769109087
3.12,0.07396449704142011
3.13,0.07349263542549174
3.14,0.07302527485902065
3.15,0.07256235827664399
3.16,0.07210382951450087
3.17,0.07164963329319626
3.18,0.07119971520113919
3.19,0.07075402167824608
3.2,0.07031249999999999
3.21,0.06987509826185692
3.22,0.06944176536399058
3.23,0.06901245099636726
3.24,0.06858710562414265
3.25,0.06816568047337278
3.2600000000000002,0.06774812751703112
3.27,0.0673343994613248
3.2800000000000002,0.06692444973230219
3.29,0.06651823246274517
3.3000000000000003,0.06611570247933883
3.31,0.06571681529011235
3.3200000000000003,0.06532152707214399
3.33,0.06492979465952438
3.34,0.06454157553157158
3.35,0.06415682780129205
3.36,0.06377551020408163
3.37,0.06339758208666096
3.38,0.06302300339623963
3.39,0.06265173466990366
3.4,0.06228373702422146
3.41,0.06191897214506238
3.42,0.061557402277623886
3.43,0.06119899021666142
3.44,0.060843699296917256
3.45,0.0604914933837429
3.46,0.06014233686391125
3.47,0.05979619463661354
3.48,0.059453032104637336
3.49,0.05911281516572113
3.5,0.05877551020408163
3.5100000000000002,0.05844108408210971
3.52,0.058109504132231406
3.5300000000000002,0.05778073814892984
3.54,0.05745475438092502
3.5500000000000003,0.05713152152350723
3.56,0.05681100871102133
3.5700000000000003,0.05649318550949791
3.58,0.05617802190942854
3.59,0.05586548831868157
3.6,0.05555555555555555
3.61,0.05524819484196714
3.62,0.05494337779677055
3.63,0.054641076429205654
3.64,0.054341263132471916
3.65,0.05404391067742541
3.66,0.05374899220639612
3.67,0.05345648122712322
3.68,0.05316635160680529
3.69,0.05287857756626347
3.7,0.05259313367421475
3.71,0.05230999484165329
3.72,0.05202913631633714
3.73,0.051750533677378543
3.74,0.051474162829935076
3.75,0.051199999999999996
3.7600000000000002,0.05092802172928926
3.77,0.05065820487022353
3.7800000000000002,0.050390526581002765
3.79,0.050124964320771924
3.8000000000000003,0.04986149584487534
3.81,0.0496000992001984
3.8200000000000003,0.04934075272059427
3.83,0.04908343502239431
3.84,0.048828125
3.85,0.04857480182155506
3.86,0.048323444924695966
3.87,0.04807403401237906
3.88,0.04782654904878308
3.89,0.04758097025528512
3.9,0.047337278106508875
3.91,0.04709545332644344
3.92,0.0468554768846314
3.93,0.04661732999242468
3.94,0.04638099409930686
3.95,0.04614645088928056
3.96,0.04591368227731864
3.97,0.04568267040587783
3.98,0.04545339764147369
3.99,0.0452258465713155
4.0,0.045
