latitud,longitud,X,Y,Z
2.488,-75.296,4744785.538480425,1833162.0484645262,8.0
2.666,-75.029,4774508.838353055,1852792.6227071972,2.0
2.864,-74.845,4794998.972582599,1874648.5166261024,12.0
2.868,-74.859,4793443.581919769,1875093.2182103386,16.0
2.861,-74.849,4794553.83681635,1874317.5942763821,18.0
2.506,-75.357,4738004.795734196,1835164.4852014207,4.0
2.9,-75.051,4772107.8302711705,1878667.5754649285,100.0
2.489,-75.213,4754016.372352573,1833256.8436956813,9.0
3.172,-74.929,4785722.51492352,1908713.7844294256,0.0
2.752,-75.072,4769744.261768354,1862308.8084559247,8.0
3.206,-75.24,4751167.747843239,1912542.9038956459,4.0
2.96,-74.842,4795349.761404423,1885260.385898807,7.0
2.683,-75.14,4762170.623267184,1854693.1307391084,0.0
2.871,-74.894,4789553.819504321,1875431.2428966549,20.0
2.852,-74.876,4791551.121119628,1873327.5339989683,18.0
2.582,-75.081,4768711.897267956,1843515.1277786568,4.0
2.652,-75.02,4775506.929468038,1851243.1784590937,5.0
2.913,-75.259,4748987.813782016,1880149.0687153437,4.0
2.731,-74.902,4788639.480646126,1859955.790211992,0.0
3.131,-75.159,4760152.762656318,1904230.9864348425,0.0
2.692,-75.05,4772178.837215774,1855671.0284056808,4.0
2.745,-75.004,4777302.760404797,1861521.9992807417,3.0
2.668,-74.99,4778845.191948126,1853006.6563403886,1.0
2.824,-75.003,4777428.771089343,1870255.746445187,0.0
2.888,-74.977,4780331.189636947,1877326.2861807842,0.0
3.0,-75.072,4769794.035198276,1889727.9410626537,120.0
2.781,-75.09,4767748.73258316,1865518.600683305,84.0
3.244,-75.156,4760512.350124702,1916724.4343653633,4.0
2.951,-74.893,4789679.816608211,1884274.987037949,4.0
2.671,-75.366,4737037.868317826,1853412.4190478853,2.0
2.875,-75.052,4771991.681166765,1875903.7858008647,20.0
2.897,-75.202,4755321.172195345,1878367.398547867,0.0
2.847,-75.164,4759535.166854423,1872830.8804378214,0.0
2.683,-75.032,4774178.407504973,1854672.6573402393,4.0
2.54,-75.497,4722440.534045878,1838953.5142166354,4.0
2.626,-75.048,4772389.0914756,1848373.7610900928,4.0
2.892,-74.876,4791558.378154095,1877749.4521398072,0.0
3.05,-74.925,4786142.409481847,1895225.6709366413,16.0
2.618,-75.093,4767384.189291447,1847497.5520909317,102.0
2.665,-75.114,4765058.034719888,1852697.9590363633,4.0
3.124,-75.025,4775043.984300065,1903427.3653908079,2.0
2.653,-75.002,4777508.361714677,1851350.4829058752,4.0
2.868,-74.871,4792109.7696296675,1875095.3913246968,0.0
2.63,-75.161,4759825.430364256,1848837.1828186996,4.0
2.672,-75.03,4774398.752480445,1853456.1525915528,4.0
2.689,-75.016,4775958.363250842,1855333.055637382,4.0
2.637,-75.007,4776949.6000544075,1849582.484835718,4.0
2.802,-75.697,4700256.850706006,1867978.325676574,168.0
2.622,-75.162,4759712.707036781,1847952.8389977799,4.0
2.712,-75.033,4774072.584406214,1857879.0246765495,2.0
2.899,-74.928,4785779.8389326995,1878532.9955526853,24.0
3.015,-74.923,4786357.810032947,1891355.9799014046,5.0
2.739,-75.074,4769519.416720099,1860871.9026404715,4.0
3.022,-74.917,4787026.01376966,1892128.6599615053,0.0
2.781,-74.937,4784757.608156158,1865489.5874991377,13.0
2.753,-75.147,4761406.071602781,1862434.121426858,0.0
2.533,-75.423,4730669.710653247,1838163.7336157367,0.0
2.79,-75.073,4769640.437784559,1866510.3163235213,0.0
2.505,-75.395,4733778.2081678705,1835061.5681203306,4.0
2.67,-75.054,4771730.036962193,1853239.468994995,4.0
2.892,-74.873,4791891.826039027,1877748.9015348325,2.0
2.641,-75.06,4771057.59996035,1850034.3503030036,5.0
2.653,-75.064,4770615.067126947,1851361.8091805768,0.0
2.718,-75.673,4702905.2594880685,1858681.0514341635,4.0
3.211,-75.462,4726493.516111809,1913152.518981483,3.0
2.73,-75.056,4771518.8907192955,1859873.4175246535,2.0
2.73,-75.056,4771518.8907192955,1859873.4175246535,2.0
2.7406,-75.0183,4775712.1763961995,1861038.221647813,3.0
2.6768,-75.048,4772398.382239393,1853990.1574324304,7.0
2.7075,-75.0724,4769691.312485529,1857388.9299063028,29.0
2.7139,-74.9788,4780098.6112613045,1858079.092279966,32.0
3.087,-74.8873,4790339.4323873585,1899308.565434285,30.0
2.7033,-75.2002,4755481.082140929,1856949.574270118,32.0
2.652,-75.0931,4767379.386524707,1851256.682451179,28.0
2.8478,-74.9036,4788482.499347373,1872868.261947344,4.0
2.87,-74.8508,4794355.372686175,1875312.834032509,34.0
3.2181,-75.2096,4754549.3367176745,1913873.4786291355,4.0
2.5483,-75.458,4726780.102655855,1839863.0937272047,32.0
2.7504,-75.0677,4770222.01073019,1862131.0820821298,33.0
2.7483,-75.1667,4759214.845577698,1861918.415847648,41.0
2.9441,-74.8413,4795424.649694959,1883502.576621513,38.0
2.6462,-75.166,4759272.580976755,1850629.3378318597,29.0
2.598,-75.4868,4723587.539740733,1845365.6897956925,36.0
2.8552,-74.9359,4784893.520388658,1873692.3241171828,29.0
2.797,-75.1115,4765361.639799472,1867291.8733432398,27.0
2.7917,-75.0678,4770218.863575464,1866697.252048341,23.0
2.7774,-75.0726,4769682.458299087,1865117.170568123,30.0
2.7271,-75.0762,4769272.552401082,1859556.6493352985,30.0
3.0118,-75.2982,4744652.385643056,1891082.9723162577,51.0
2.7373,-75.0491,4772287.385970677,1860679.1901291525,29.0
3.0694,-74.9721,4780911.739269443,1897379.9045177426,26.0
3.0835,-75.6461,4705991.79623804,1899101.239698305,13.06
2.889,-74.863,4793002.770885725,1877415.4310638476,33.0
2.968,-74.86,4793350.706685825,1886148.1013294007,42.0
