anio,total_sismos,mw_maxima,mw_promedio,profundidad_promedio_km,energia_total_J,Cortical,Subducción interplaca,Subducción intraplaca
1917,2,7.05,6.74,15.0,2649985822524632.5,2,0,0
1920,1,6.35,6.35,35.0,211348903983664.34,1,0,0
1935,1,6.07,6.07,15.0,80352612218561.94,0,1,0
1942,1,5.98,5.98,15.0,58884365535558.836,1,0,0
1957,1,6.12,6.12,52.3,95499258602143.69,0,0,1
1966,2,5.31,5.225,25.0,9056968747004.988,2,0,0
1967,3,7.0,5.816666666666666,31.666666666666668,2003974899264032.5,3,0,0
1968,1,5.19,5.19,51.5,3845917820453.5435,0,0,1
1972,1,5.31,5.31,15.0,5821032177708.722,1,0,0
1973,6,6.5346,5.3187,113.33333333333333,433200107472092.3,1,0,5
1974,8,6.1047,4.9346625,84.75,101450141248002.97,1,0,7
1975,3,5.3808,4.8084,125.66666666666667,8605612192571.237,0,0,3
1976,7,6.1047,4.870928571428571,133.14285714285714,98246261846486.81,0,0,7
1977,3,4.713,4.5858,103.0,1506635828727.726,1,0,2
1978,2,5.2854,4.8561,77.5,5622424352078.772,1,0,1
1979,9,6.8212,5.106244444444445,89.11111111111111,1089937657569908.5,3,1,5
1980,6,5.8578,4.9197,86.66666666666667,43854046210076.94,2,0,4
1981,5,5.19,4.8274799999999995,77.86,7611541550776.603,1,0,4
1982,6,5.19,4.7925,75.91666666666667,8156602091873.786,2,0,4
1983,2,5.667,5.2377,47.300000000000004,21005045221086.32,1,0,1
1984,7,5.2854,4.917428571428571,64.51428571428572,17225249711283.367,3,0,4
1985,7,5.2,5.055142857142857,68.65714285714286,19377172748229.836,3,0,4
1986,5,5.0946,4.7511600000000005,141.66,5885580081199.716,0,0,5
1987,3,4.9038,4.6494,95.76666666666667,2603197216561.333,0,0,3
1988,13,5.375,4.4203,42.93846153846154,16875134402440.057,9,1,3
1989,4,5.19,4.92765,101.69999999999999,7335991814313.922,1,0,3
1990,6,6.1,4.769266666666667,82.64999999999999,91756188713684.39,3,0,3
1991,54,5.19,4.448572222222222,65.7537037037037,31505224612869.07,25,3,26
1992,4,5.9,5.05745,87.4,49064061076715.64,1,0,3
1993,30,5.5606,3.7022733333333333,44.56666666666667,20611023719675.4,17,1,12
1994,66,6.8,3.633618181818182,40.306060606060605,1006318065696015.9,40,5,21
1995,93,6.6,3.474408602150538,47.58279569892473,757957036796945.4,50,3,40
1996,56,5.3,3.508217857142857,52.625,10435052474045.2,31,1,24
1997,62,6.8,3.817573548387097,62.24677419354839,1314550016851070.0,25,4,33
1998,43,4.7942,3.541341162790698,44.78604651162791,3242724285182.066,25,3,15
1999,130,6.1,3.6089676923076923,29.703076923076924,173946079917955.97,41,61,28
2000,64,5.0946,3.66826875,55.9859375,8785280575925.931,34,6,24
2001,53,5.9,3.51993962264151,57.27735849056604,84032291014305.52,25,5,23
2002,45,5.4648,3.652493333333333,30.566666666666666,14737109003371.758,29,4,12
2003,73,5.1774,3.594846575342466,45.06164383561644,11547761403217.75,41,5,27
2004,63,5.1,3.5898,56.84920634920635,12531424403572.078,31,3,29
2005,46,5.2,3.736882608695652,48.845652173913045,17112657445365.607,21,6,19
2006,55,4.9038,3.5697127272727274,44.094545454545454,3830836356320.2646,31,5,19
2007,68,5.2,3.728664705882353,60.48235294117647,15372597581938.936,29,12,27
2008,79,5.9,3.8156708860759494,34.91772151898734,96909941339079.14,51,8,20
2009,54,5.3808,3.697481481481481,53.37407407407407,24080850084452.71,21,9,24
2010,59,5.1,3.756691525423729,58.48813559322034,15640548454289.885,27,5,27
2011,59,5.19,3.678786440677966,58.059322033898304,14208229786657.338,27,4,28
2012,80,7.3,3.6188225000000003,51.1025,8448794906741104.0,41,7,32
2013,107,4.9992,3.493366355140187,52.79327102803738,6675501679343.34,53,10,44
2014,98,5.5,3.639373469387755,52.89602040816327,34191156410641.703,45,15,38
2015,74,5.7,3.6318945945945944,44.40067567567568,48885602928569.18,42,8,24
2016,57,5.6,3.824877192982456,58.51754385964912,31379596009824.23,27,4,26
2017,79,5.5,3.948182278481013,55.46810126582278,45174155773412.6,37,10,32
2018,77,5.5,3.6737324675324676,59.21987012987013,38112723094349.086,28,13,36
2019,112,6.1,3.7675678571428572,22.78625,282501662579387.75,68,27,17
2020,70,4.9992,3.5802657142857144,43.96671428571429,7748014478304.677,42,5,23
2021,69,5.0946,3.679075362318841,49.63246376811594,16642210485221.834,41,5,23
2022,60,5.1774,3.6963333333333335,47.9972,16283881769533.135,31,6,23
2023,89,6.1,3.781743820224719,48.60252808988764,129345542720242.64,49,12,28
2024,69,5.6,3.61216231884058,51.25853623188406,36527441048816.46,32,10,27
2025,80,4.9038,3.5922849999999995,51.21665,10589169507009.379,42,9,29
2026,199,7.4,3.76633567839196,53.51184422110553,1.594439727096874e+16,66,62,71
