Period (sec),Target pSa (g),Arithmetic Mean pSa (g),Arithmetic Mean + Sigma pSa (g),Arithmetic Mean - Sigma pSa (g),RSN-1011 SRSS pSa (g),RSN-1091 SRSS pSa (g),RSN-1613 SRSS pSa (g),RSN-2753 SRSS pSa (g),RSN-2995 SRSS pSa (g),RSN-3324 SRSS pSa (g),RSN-3925 SRSS pSa (g),RSN-3954 SRSS pSa (g),RSN-5618 SRSS pSa (g),RSN-8167 SRSS pSa (g)
0.01,0.2875,0.31089942,0.40326913,0.2396872,0.32278463,0.25825418,0.25842721,0.41318521,0.34669713,0.23476086,0.4882646,0.3049697,0.2618902,0.21976048
0.02,0.325,0.31554715,0.4155351,0.23961875,0.31572694,0.25992581,0.25633944,0.42609212,0.35131052,0.23548552,0.51043874,0.3071112,0.27250219,0.22053901
0.022,0.33345035,0.31868193,0.42000078,0.24180473,0.31862306,0.26999391,0.25674157,0.43008847,0.35389922,0.23571955,0.51683826,0.30792453,0.2751673,0.22182348
0.025,0.34513025,0.32517511,0.42809954,0.24699594,0.32233534,0.30306081,0.25753615,0.43714279,0.35370105,0.23561981,0.52764773,0.30888088,0.28302399,0.22280253
0.029,0.35920532,0.33214166,0.4437326,0.24861388,0.32491395,0.28980046,0.26209755,0.44714377,0.35243999,0.23617201,0.55755896,0.31075541,0.31518025,0.22535425
0.03,0.3625,0.33374789,0.44767075,0.24881602,0.32568048,0.28387578,0.26250817,0.4512579,0.35232076,0.23638987,0.56262531,0.31071467,0.3272001,0.22490583
0.032,0.37059451,0.33643608,0.45193071,0.25045705,0.33236506,0.27045035,0.25964199,0.45999816,0.3538303,0.23740734,0.55658248,0.31227059,0.36070891,0.22110559
0.035,0.38213437,0.34876926,0.48131001,0.25272692,0.33961819,0.26679472,0.26077032,0.47245558,0.3535716,0.23851818,0.6017553,0.31371029,0.41330417,0.22719422
0.036,0.38583581,0.35281044,0.48956108,0.25425879,0.34358736,0.26680292,0.26248854,0.47743116,0.35401093,0.23901805,0.61175348,0.31350341,0.42922966,0.23027889
0.04,0.4,0.37582068,0.54809722,0.25769367,0.37054949,0.27781305,0.26555307,0.50557176,0.35563687,0.23822792,0.69807396,0.31913659,0.49759911,0.23004496
0.042,0.40791474,0.38596369,0.58370727,0.25521006,0.38202402,0.27917021,0.26543032,0.52084493,0.35646041,0.23766284,0.76414879,0.31575215,0.50937819,0.22876501
0.044,0.41560701,0.39379258,0.61649386,0.25153956,0.38678771,0.27581588,0.26511179,0.53009017,0.36030052,0.23675437,0.83441701,0.32176319,0.49663763,0.23024754
0.045,0.41937479,0.40041978,0.63680409,0.2517823,0.39963981,0.27506904,0.26899673,0.53235849,0.3626142,0.23659798,0.87184512,0.32550082,0.50033703,0.23123856
0.046,0.42309279,0.40846597,0.65910112,0.25313938,0.40921738,0.27964122,0.27210132,0.53645092,0.36496843,0.23758008,0.90812679,0.32780671,0.51721958,0.23154725
0.048,0.43038623,0.42328034,0.70679412,0.25349142,0.4204099,0.2941024,0.27013613,0.55535461,0.36735923,0.24086331,0.9879105,0.32894877,0.53577798,0.23194055
0.05,0.4375,0.43156791,0.74333587,0.25056084,0.45032741,0.29915321,0.26637409,0.57096725,0.36564092,0.24235092,1.05902484,0.33981265,0.4909932,0.23103456
0.055,0.45671857,0.48345101,0.93004988,0.2513036,0.45879186,0.32887318,0.27632871,0.65115842,0.36857842,0.24333521,1.35380893,0.36848198,0.54574962,0.23940377
0.06,0.475,0.559309,1.1734691,0.2665827,0.54922229,0.39667259,0.28623015,0.88447938,0.37922938,0.24330175,1.67890576,0.37814279,0.5408185,0.25608742
0.065,0.49411608,0.62775561,1.43408012,0.27479435,0.59590812,0.47279259,0.32835111,1.15607864,0.40003597,0.24379325,1.99064513,0.35263842,0.48912453,0.24818837
0.067,0.50155284,0.65589703,1.51812108,0.28337721,0.61747828,0.49721177,0.33992546,1.27896507,0.40929273,0.24563057,2.07147149,0.34602654,0.49904732,0.25392109
0.07,0.5125,0.70550342,1.68195099,0.29592722,0.63368028,0.48860454,0.34011943,1.50048861,0.41133682,0.24810595,2.23020728,0.3797997,0.55212129,0.27057033
0.075,0.53154472,0.75576035,1.80014454,0.31729324,0.63415374,0.49208246,0.34221372,1.83508407,0.42634593,0.25439597,2.23304095,0.45425644,0.60628027,0.27974991
0.08,0.55,0.73582732,1.55871465,0.34736432,0.70896174,0.52975683,0.39911911,1.52878661,0.47104237,0.26848657,2.04215266,0.45615285,0.64722133,0.30659317
0.085,0.56899281,0.69032841,1.30214802,0.36597476,0.74407315,0.53233624,0.42972619,1.59067081,0.45717481,0.28670543,1.46263463,0.47900193,0.61660932,0.30435156
0.09,0.5875,0.70150412,1.31171473,0.37516391,0.76944131,0.55594451,0.43508588,1.78437337,0.42260162,0.29755462,1.20502702,0.53184088,0.67827967,0.33489234
0.095,0.60645375,0.69579208,1.2621333,0.38357804,0.76412144,0.56744989,0.42621202,1.76812706,0.45318207,0.297888,1.04710665,0.54146535,0.72499769,0.36737063
0.1,0.625,0.67715416,1.1470906,0.39973978,0.77023745,0.67003219,0.43664799,1.63319648,0.51787803,0.27890453,0.83052546,0.55486553,0.66818074,0.41107315
0.11,0.625,0.67566523,1.05103811,0.43435485,0.66855345,0.65720959,0.45405501,1.45922708,0.49082285,0.33021404,0.8339754,0.62779638,0.75900145,0.47579705
0.12,0.625,0.67603562,0.88541513,0.51616936,0.76537283,0.63931486,0.54453045,1.02043529,0.56438669,0.3724605,0.84705574,0.79108808,0.73248418,0.4832276
0.13,0.625,0.69433944,0.87532849,0.55077295,0.79441698,0.65338283,0.61848055,0.92904965,0.63178338,0.35319633,0.87867875,0.78729376,0.74612368,0.55098846
0.133,0.625,0.70333646,0.87583186,0.56481409,0.78876985,0.68825201,0.63929735,0.89804125,0.64900509,0.36807509,0.88232262,0.78571448,0.7926982,0.54118869
0.14,0.625,0.69744292,0.85363894,0.56982713,0.8091177,0.63698065,0.69132827,0.81591425,0.70960645,0.3975722,0.85474623,0.82522716,0.72732684,0.50660946
0.15,0.625,0.68150051,0.83148141,0.55857286,0.86252863,0.64733608,0.72035657,0.65755369,0.64247511,0.45855131,0.72894637,0.93381648,0.65480866,0.50863223
0.16,0.625,0.71889262,0.90300853,0.5723164,0.81617713,0.58747178,1.00452964,0.78743874,0.65756634,0.4708788,0.77135829,0.93663512,0.59828833,0.55858199
0.17,0.625,0.73039058,0.94931927,0.56195046,0.74052272,0.59992557,1.19454451,0.72488622,0.79826095,0.46055687,0.71554008,0.87470008,0.58574927,0.60921952
0.18,0.625,0.73866371,0.96993106,0.56253903,0.73075941,0.65230506,1.26862555,0.68854015,0.81398656,0.57759741,0.56854458,0.87343307,0.61698396,0.59586135
0.19,0.625,0.74424067,0.95769115,0.5783641,0.66174216,0.71847441,1.09517442,0.75379295,0.8573002,0.62310428,0.4889435,1.0354897,0.65314388,0.55524121
0.2,0.625,0.75583332,0.98524769,0.57983795,0.66896172,0.71253613,0.93721191,0.71310057,0.99501949,0.60411268,0.46416585,1.15797408,0.71947294,0.58577778
0.22,0.625,0.71395956,0.94751383,0.53797447,0.69124847,0.58010587,0.73235625,0.62793569,1.02901961,0.65393459,0.41502027,1.13567729,0.64812225,0.62617531
0.24,0.625,0.73328591,0.99589596,0.53992409,0.81490739,0.64763332,0.7141012,0.62705493,1.19029352,0.5783747,0.48476745,1.09272787,0.50732907,0.67566963
0.25,0.625,0.72855013,0.97101787,0.54662773,0.76263271,0.69618476,0.65232161,0.66212847,1.18687478,0.61431128,0.53715186,1.05303963,0.51525493,0.60560129
0.26,0.625,0.7178181,0.95942976,0.53705111,0.6859053,0.66865691,0.68965299,0.69447853,1.18836711,0.6441239,0.54344834,1.02036913,0.48203167,0.56114709
0.28,0.625,0.65320769,0.8751664,0.48754189,0.58848986,0.57475776,0.63633124,0.63263089,1.0959042,0.57016542,0.55557461,0.93089469,0.47902783,0.46830037
0.29,0.625,0.65356004,0.85008925,0.50246573,0.6166059,0.55719457,0.65921707,0.56153871,1.05272738,0.62515978,0.6088769,0.88630002,0.51771307,0.45026695
0.3,0.625,0.67676912,0.91357387,0.50134583,0.65480032,0.56012498,0.70616169,0.45898896,1.2058809,0.67997233,0.64276844,0.81124456,0.56839997,0.47934907
0.32,0.625,0.67953297,0.94286093,0.48974886,0.60671381,0.60344454,0.63525526,0.38557214,1.2354657,0.69761818,0.61024386,0.90466975,0.58568281,0.53066367
0.34,0.625,0.6503486,0.82828771,0.51063572,0.60218749,0.69297649,0.6124767,0.46294336,0.97600051,0.6077393,0.50712207,0.90496515,0.57594318,0.56113171
0.35,0.625,0.64744041,0.81569983,0.5138889,0.60961486,0.7610579,0.57140549,0.45152794,0.89809017,0.62084325,0.45863019,0.89584378,0.58788367,0.61950688
0.36,0.625,0.64268604,0.80034344,0.51608512,0.59716953,0.8009406,0.55542628,0.43782311,0.81138231,0.65847427,0.45337763,0.87626909,0.58822957,0.64776798
0.38,0.625,0.64471179,0.85541662,0.48590743,0.56159524,1.03236135,0.50682836,0.47591734,0.79118622,0.65777848,0.4493199,0.86586548,0.51983337,0.58643217
0.4,0.625,0.62259935,0.82175807,0.47170812,0.58326559,0.9937089,0.45891286,0.51429661,0.77719975,0.60761384,0.44765913,0.82375187,0.51862915,0.5009558
0.42,0.625,0.57377106,0.72368561,0.45491195,0.56248624,0.81549047,0.41246229,0.53768551,0.76310472,0.56979497,0.4862204,0.69241837,0.41172938,0.48631825
0.44,0.625,0.55895534,0.69101948,0.45213063,0.52241603,0.77087116,0.42230875,0.53869018,0.79178868,0.54088885,0.53377235,0.53799028,0.43292176,0.49790537
0.45,0.625,0.54939074,0.66962593,0.45074447,0.52895045,0.70404509,0.39294713,0.51550104,0.77947209,0.54431246,0.55517967,0.54254574,0.44164827,0.48930548
0.46,0.625,0.53290095,0.64599942,0.43960321,0.55624945,0.65495798,0.35203197,0.47782152,0.74106217,0.51542474,0.56276622,0.53825191,0.45328921,0.47715431
0.48,0.625,0.49149168,0.58931692,0.4099052,0.57182439,0.60319404,0.32596976,0.39543682,0.6172219,0.4632773,0.53985556,0.51112803,0.45072444,0.43628456
0.5,0.6,0.45976901,0.55327914,0.3820631,0.54756691,0.58390906,0.33239909,0.33510608,0.54756162,0.47637513,0.50957003,0.46289519,0.39048194,0.41182508
0.55,0.5455,0.42093261,0.51217638,0.34594384,0.56217412,0.52074168,0.29393442,0.32063138,0.42253654,0.47703103,0.43492023,0.45323528,0.38184842,0.342273
0.6,0.5,0.3948632,0.48273572,0.32298615,0.48064998,0.55914164,0.34854054,0.29936785,0.32221625,0.47773787,0.35729988,0.40032664,0.35477544,0.34857594
0.65,0.4615,0.3835241,0.48842322,0.30115427,0.41463362,0.57085813,0.35434732,0.26389039,0.2990536,0.5096609,0.31405115,0.31723666,0.42888124,0.36262802
0.667,0.44978904,0.37700037,0.4919042,0.28893691,0.41200729,0.53451532,0.35310826,0.23753142,0.2906134,0.55411606,0.30197462,0.28292119,0.39924119,0.40397496
0.7,0.4286,0.35898203,0.47871108,0.26919807,0.45115875,0.40535955,0.31850587,0.24942581,0.2955558,0.57357272,0.27026596,0.24238204,0.3255461,0.45804769
0.75,0.4,0.33206166,0.49304984,0.22363854,0.44821511,0.29339854,0.26952181,0.27275469,0.32014082,0.63847298,0.21680909,0.19062292,0.22918325,0.4414974
0.8,0.375,0.31998809,0.48219144,0.21234798,0.46731862,0.29935784,0.30052501,0.26793541,0.29325235,0.60406648,0.18075986,0.15659965,0.21653178,0.41353387
0.85,0.3529,0.31308079,0.47104807,0.20808828,0.46872323,0.30945159,0.28029129,0.2654038,0.29903016,0.5798965,0.15822964,0.13947284,0.24281718,0.38749167
0.9,0.3333,0.29925555,0.44716458,0.20027053,0.39564563,0.29466605,0.2412586,0.27031942,0.28999882,0.57413285,0.15673277,0.12889438,0.27013018,0.37077683
0.95,0.3158,0.28363741,0.42099459,0.19109552,0.33742575,0.32958412,0.23316602,0.23550775,0.24819841,0.5503753,0.16215648,0.12850522,0.26449069,0.34696433
1.0,0.3,0.27314333,0.41663781,0.17906986,0.32687276,0.341451,0.21572804,0.21410939,0.20313701,0.55199489,0.16526379,0.12653918,0.26094748,0.32538971
1.1,0.2727,0.25318099,0.40193518,0.15947998,0.32735966,0.28441059,0.22117347,0.15042468,0.14824017,0.54166152,0.16215027,0.13654087,0.25430593,0.30554277
1.2,0.25,0.22273019,0.34365329,0.14435694,0.27219719,0.21526606,0.22170357,0.1091639,0.14909435,0.47276593,0.16401232,0.15136958,0.21269552,0.25903347
1.3,0.2308,0.19404268,0.27309663,0.13787267,0.18526729,0.1876797,0.24578148,0.11193364,0.1219104,0.35769359,0.16092241,0.16091596,0.20939939,0.19892292
1.4,0.2143,0.1787929,0.23644679,0.13519702,0.14232562,0.1749882,0.2405481,0.12712697,0.11267458,0.28361313,0.15232789,0.17306711,0.21027633,0.17098109
1.5,0.2,0.17386103,0.21727265,0.13912317,0.14113893,0.16238261,0.20977763,0.15172319,0.11644707,0.24939903,0.14308863,0.17718594,0.21908341,0.16838389
1.6,0.1875,0.16505966,0.20878019,0.13049462,0.13570604,0.13118905,0.21678579,0.14214226,0.11091,0.24029275,0.13982873,0.17273815,0.18634719,0.17465665
1.7,0.1765,0.15576195,0.20766183,0.11683314,0.11665065,0.1056693,0.23483409,0.11695876,0.09988265,0.21355015,0.13909194,0.1817729,0.16618549,0.18302354
1.8,0.1667,0.14590212,0.19826054,0.10737098,0.09436387,0.10232561,0.23663191,0.10486842,0.09296934,0.16774054,0.14601598,0.1598041,0.16936728,0.18493414
1.9,0.1579,0.13693806,0.18672493,0.10042597,0.07956369,0.10582603,0.19080176,0.09114793,0.08856754,0.13748049,0.15550935,0.14742513,0.16348617,0.20957249
2.0,0.15,0.13703381,0.19722291,0.09521341,0.07317196,0.10783305,0.16563778,0.10224734,0.08210114,0.13330577,0.16007654,0.13108386,0.16040978,0.25447086
2.2,0.1364,0.13784342,0.21634487,0.08782648,0.06799722,0.10081368,0.15516332,0.10464096,0.08017793,0.11844972,0.14924735,0.10546628,0.21908594,0.27739177
2.4,0.125,0.1188534,0.17393396,0.08121549,0.06732438,0.08614469,0.12461436,0.10249926,0.08379637,0.09966924,0.12948406,0.09404788,0.18039461,0.22055918
2.5,0.1152,0.1104353,0.15582932,0.07826482,0.06525635,0.07826645,0.11796725,0.10027058,0.08334474,0.09524092,0.11885396,0.09146074,0.15440073,0.19929123
2.6,0.1065,0.10443397,0.14642928,0.07448275,0.06030093,0.07055892,0.12330277,0.09996157,0.08273689,0.08763986,0.11157849,0.08318773,0.14039177,0.18468081
2.8,0.0918,0.09543359,0.13908393,0.06548255,0.04825124,0.06055269,0.12643283,0.11096517,0.0773186,0.07854372,0.09805653,0.06631539,0.11155077,0.17634896
3.0,0.08,0.08711385,0.13081949,0.05800988,0.03572884,0.04888888,0.11345513,0.10956914,0.07670545,0.08173137,0.08610192,0.05899794,0.09362907,0.16633075
3.2,0.0703,0.08300935,0.12830201,0.05370572,0.03276852,0.04163611,0.11606673,0.09776647,0.07220702,0.08425332,0.08357834,0.05341017,0.08464562,0.16376119
3.4,0.0623,0.08445411,0.13667604,0.05218542,0.03604159,0.03720272,0.12803838,0.08234813,0.07142831,0.08226959,0.08155502,0.06915292,0.07442092,0.18208349
3.5,0.0588,0.08442258,0.13868545,0.05139091,0.03668463,0.0348387,0.13464451,0.07540598,0.07239716,0.0819135,0.08082512,0.07431321,0.07005406,0.18314891
3.6,0.0556,0.08420306,0.13995756,0.05065932,0.03739653,0.03250967,0.13858809,0.07051011,0.07232548,0.08134415,0.07998143,0.07683346,0.06910501,0.18343662
3.8,0.0499,0.08043788,0.13780994,0.04695055,0.03636702,0.02806038,0.14308116,0.0637907,0.06877517,0.07228644,0.07927228,0.07690813,0.05942912,0.17640838
4.0,0.045,0.07491377,0.13430052,0.04178742,0.03291521,0.02409649,0.13813121,0.05785052,0.06493555,0.0583077,0.0775577,0.0718842,0.05095435,0.17250474
4.2,0.0,0.06970808,0.13277992,0.03659602,0.02869519,0.02074868,0.12679303,0.04904973,0.06015534,0.04970355,0.07441132,0.06612266,0.0454137,0.17598762
4.4,0.0,0.063548,0.12927938,0.03123737,0.02467581,0.0179736,0.11210719,0.0403012,0.05467414,0.04351446,0.07082809,0.05986752,0.03587868,0.17565931
4.6,0.0,0.05876757,0.12555909,0.02750599,0.0212168,0.01571078,0.10582008,0.03493506,0.05013322,0.0374829,0.06625613,0.05798282,0.02826324,0.16987467
4.8,0.0,0.05507342,0.12254919,0.02474991,0.01831661,0.01386997,0.10156425,0.02945945,0.04663466,0.03446507,0.06130676,0.05623711,0.0240756,0.16480474
5.0,0.0,0.05204591,0.11734676,0.02308352,0.01644822,0.0123604,0.09953992,0.02528182,0.04350869,0.03231685,0.05913813,0.0565789,0.02047512,0.15481104
5.5,0.0,0.0456681,0.10345371,0.0201595,0.012699,0.00958401,0.10056038,0.02530456,0.03266124,0.02522475,0.05301021,0.05362433,0.01706491,0.12694762
6.0,0.0,0.04087506,0.09690374,0.01724154,0.00917525,0.00766737,0.10612014,0.02177108,0.02781325,0.02142411,0.04542855,0.04582962,0.01564694,0.10787424
6.5,0.0,0.03816814,0.10075693,0.01445863,0.00736491,0.00626091,0.12359748,0.02123999,0.02376191,0.01863069,0.03697415,0.03838841,0.01297839,0.09248455
7.0,0.0,0.0349352,0.10186946,0.01198071,0.0065749,0.00520303,0.13098936,0.02075853,0.01961932,0.01592824,0.03115058,0.03288703,0.01060705,0.07563394
7.5,0.0,0.03150872,0.09836833,0.01009267,0.00573367,0.00439039,0.12541553,0.01794361,0.0164383,0.01319468,0.02795739,0.0265562,0.00905306,0.06840433
8.0,0.0,0.02799803,0.09216854,0.00850496,0.00491332,0.00375722,0.1165803,0.01425566,0.0142027,0.01130885,0.02539273,0.02136588,0.00785244,0.06035124
8.5,0.0,0.02464438,0.08476212,0.00716529,0.00398605,0.00325635,0.10671374,0.01102478,0.01229076,0.01001556,0.02296033,0.01802861,0.00660982,0.05155778
9.0,0.0,0.02134971,0.07405302,0.00615519,0.00315654,0.00285379,0.09371226,0.01015639,0.01087242,0.0088198,0.0208379,0.01505816,0.00536861,0.04266122
9.5,0.0,0.01806706,0.06080374,0.0053684,0.00265182,0.0025251,0.07786351,0.00861866,0.00975816,0.00796832,0.01875301,0.01284705,0.00470725,0.03497769
10.0,0.0,0.01586265,0.05189584,0.00484863,0.00230232,0.00225275,0.06683015,0.00718172,0.0088535,0.00781942,0.01678962,0.01132396,0.00438417,0.03088888
11.0,0.0,0.01242824,0.03738417,0.00413173,0.00198477,0.00182976,0.04930907,0.00598835,0.00767155,0.007213,0.01351988,0.00881843,0.00444929,0.0234983
12.0,0.0,0.01000181,0.02817914,0.00355001,0.00171036,0.00151857,0.03803355,0.00525558,0.00752321,0.00636125,0.0108585,0.00687877,0.00413316,0.01774514
13.0,0.0,0.0080989,0.02173716,0.00301751,0.00138119,0.00128178,0.02966721,0.00473813,0.00695343,0.00543086,0.00869394,0.00534385,0.00355064,0.01394799
14.0,0.0,0.00655025,0.01666264,0.00257497,0.00120421,0.00109686,0.02289177,0.00424176,0.00625136,0.0045361,0.00697201,0.00435893,0.00286116,0.01108831
15.0,0.0,0.00541468,0.01300668,0.00225413,0.00105326,0.00094947,0.01797979,0.00393906,0.00539612,0.00374561,0.00576499,0.00361762,0.00271777,0.00898306
20.0,0.0,0.00275742,0.00619654,0.00122703,0.00058175,0.0005228,0.0085375,0.00235845,0.00225652,0.00157363,0.00355653,0.00193182,0.00184185,0.00441332
