Period (sec),RSN-1011 Horizontal-1 pSa (g),RSN-1011 Horizontal-2 pSa (g),RSN-1011 Vertical pSa (g),RSN-1091 Horizontal-1 pSa (g),RSN-1091 Horizontal-2 pSa (g),RSN-1091 Vertical pSa (g),RSN-1613 Horizontal-1 pSa (g),RSN-1613 Horizontal-2 pSa (g),RSN-1613 Vertical pSa (g),RSN-2753 Horizontal-1 pSa (g),RSN-2753 Horizontal-2 pSa (g),RSN-2753 Vertical pSa (g),RSN-2995 Horizontal-1 pSa (g),RSN-2995 Horizontal-2 pSa (g),RSN-2995 Vertical pSa (g),RSN-3324 Horizontal-1 pSa (g),RSN-3324 Horizontal-2 pSa (g),RSN-3324 Vertical pSa (g),RSN-3925 Horizontal-1 pSa (g),RSN-3925 Horizontal-2 pSa (g),RSN-3925 Vertical pSa (g),RSN-3954 Horizontal-1 pSa (g),RSN-3954 Horizontal-2 pSa (g),RSN-3954 Vertical pSa (g),RSN-5618 Horizontal-1 pSa (g),RSN-5618 Horizontal-2 pSa (g),RSN-5618 Vertical pSa (g),RSN-8167 Horizontal-1 pSa (g),RSN-8167 Horizontal-2 pSa (g),RSN-8167 Vertical pSa (g)
0.01,0.1060425,0.1634164,0.106,0.151869,0.1441346,0.0923,0.02569849,0.05391296,0.0236,0.05419211,0.0594382,0.0171,0.03214349,0.03644656,0.0293,0.02250395,0.01968752,0.0252,0.1846576,0.1293333,0.125,0.1589594,0.2312375,0.136,0.2264609,0.2953901,0.206,0.03450767,0.04653102,0.022
0.02,0.1048178,0.1591281,0.113,0.1532157,0.1446834,0.0928,0.02572295,0.05336617,0.0235,0.05608506,0.06111185,0.0172,0.03245856,0.03703059,0.0296,0.02256792,0.01975457,0.0253,0.1915381,0.1373314,0.13,0.1602016,0.2327746,0.141,0.2257854,0.3146677,0.231,0.03475902,0.04659984,0.0229
0.022,0.1055443,0.1607423,0.114,0.1523425,0.1571846,0.0948,0.02582137,0.05342186,0.0239,0.05672241,0.06158267,0.0173,0.03270199,0.03729973,0.0298,0.02258889,0.01977587,0.0253,0.1931991,0.14008,0.134,0.1605793,0.2334231,0.143,0.2265248,0.318794,0.237,0.03471705,0.04705257,0.0232
0.025,0.1067405,0.1626371,0.119,0.16894,0.1784092,0.0929,0.02575963,0.05365543,0.0246,0.05788305,0.06237986,0.0174,0.03288262,0.03710348,0.0302,0.0225431,0.01980881,0.0255,0.1959543,0.1447661,0.134,0.161014,0.2341921,0.146,0.2337411,0.3273632,0.26,0.03515842,0.04704628,0.023
0.029,0.1074215,0.1640515,0.135,0.1670204,0.1652493,0.0912,0.02640873,0.05451275,0.0265,0.05954554,0.06349146,0.0175,0.03211935,0.03753381,0.0305,0.02271735,0.0197162,0.0254,0.2048465,0.1559276,0.147,0.1615438,0.2359203,0.15,0.271476,0.3563113,0.333,0.03557281,0.04757633,0.0237
0.03,0.1076325,0.1644663,0.137,0.1651892,0.1602548,0.0897,0.02676807,0.05444297,0.0267,0.06020731,0.06396863,0.0176,0.03197693,0.03763329,0.0306,0.02273806,0.01973467,0.0255,0.2047742,0.1598529,0.172,0.1617095,0.2357613,0.151,0.2847639,0.3676452,0.337,0.03546287,0.04751091,0.0246
0.032,0.1128925,0.1658053,0.128,0.1589601,0.1510267,0.0899,0.02693787,0.05361888,0.0264,0.06155485,0.0650364,0.0177,0.03232163,0.03761707,0.0308,0.02282717,0.0198297,0.0255,0.2036014,0.1568121,0.196,0.1603528,0.2384134,0.158,0.3215169,0.3993016,0.328,0.03489059,0.046688,0.0247
0.035,0.1160222,0.1689682,0.156,0.1556858,0.1501612,0.0918,0.02589239,0.0544204,0.0265,0.06333062,0.06669456,0.0178,0.0326375,0.03729517,0.0316,0.02294126,0.0199141,0.0254,0.2145069,0.1765948,0.267,0.1609634,0.2395991,0.187,0.3777014,0.4498741,0.364,0.03602838,0.04784087,0.0281
0.036,0.1165744,0.1714921,0.154,0.1537036,0.152199,0.0926,0.02591406,0.05484959,0.0263,0.0641296,0.06727133,0.0178,0.03262419,0.03738858,0.0322,0.02296854,0.01997977,0.0252,0.2197039,0.1775268,0.256,0.1628859,0.2380657,0.199,0.394369,0.4654257,0.394,0.03615893,0.04875842,0.0283
0.04,0.1240384,0.186083,0.164,0.1607984,0.1577168,0.0942,0.02769576,0.05476669,0.0247,0.06841853,0.07074767,0.018,0.03291974,0.03743266,0.0324,0.02283821,0.01997609,0.0257,0.2668453,0.1807864,0.223,0.1696877,0.2396461,0.267,0.4227072,0.5669771,0.406,0.03636445,0.0485283,0.0331
0.042,0.1338885,0.1877009,0.16,0.1610416,0.1590383,0.0915,0.02768868,0.05473848,0.025,0.07058188,0.07279154,0.0181,0.03327461,0.03727245,0.0333,0.0227434,0.01997507,0.0256,0.2943984,0.1944673,0.204,0.1708653,0.2349683,0.295,0.4373494,0.5769132,0.406,0.03664493,0.0478927,0.0309
0.044,0.1339207,0.1911988,0.154,0.1592565,0.1569755,0.0893,0.027894,0.05455147,0.0262,0.0717497,0.07416599,0.0181,0.03426623,0.03709903,0.0338,0.02265305,0.0199026,0.0252,0.3235866,0.2091105,0.194,0.1700842,0.2423235,0.291,0.4457981,0.5472454,0.471,0.03707503,0.04805508,0.0334
0.045,0.1415373,0.1952956,0.168,0.1612792,0.1540212,0.0901,0.0289814,0.05499857,0.0269,0.07180888,0.07472233,0.0183,0.03473858,0.03710263,0.0336,0.02265068,0.01987511,0.0256,0.3343858,0.2241351,0.194,0.1691902,0.2471277,0.306,0.4564479,0.5452694,0.496,0.03680103,0.04859334,0.0356
0.046,0.1439689,0.2006685,0.18,0.1665626,0.1538099,0.0911,0.02976037,0.05539683,0.0269,0.07260311,0.07506323,0.0185,0.03483947,0.03745983,0.0333,0.02275236,0.01994888,0.0259,0.3466055,0.2359726,0.195,0.1668279,0.2512792,0.306,0.4686272,0.5663499,0.527,0.03637378,0.04901534,0.0372
0.048,0.1348379,0.2149321,0.196,0.176648,0.1601553,0.0965,0.03019656,0.05464194,0.0284,0.07588489,0.07700211,0.0187,0.03445856,0.0382627,0.033,0.02320538,0.02006539,0.026,0.3766648,0.2572786,0.212,0.160798,0.2564211,0.282,0.4577225,0.6085451,0.622,0.0360404,0.04938939,0.041
0.05,0.1584681,0.2208018,0.22,0.1822304,0.1600496,0.101,0.0297898,0.05387336,0.0298,0.07849383,0.07869534,0.0197,0.03437142,0.03801692,0.0328,0.02348734,0.02002786,0.0263,0.3944641,0.2889643,0.252,0.1632506,0.2666605,0.275,0.4331022,0.5471523,0.59,0.03641788,0.04881407,0.0406
0.055,0.1770217,0.2129126,0.194,0.1977479,0.1788521,0.0956,0.03235294,0.05506001,0.0323,0.08491386,0.09411601,0.027,0.03409736,0.03881269,0.0356,0.0236708,0.02000546,0.0261,0.4666037,0.4159561,0.266,0.1849612,0.2841464,0.271,0.5567516,0.5400452,0.568,0.03868455,0.04986151,0.0307
0.06,0.2342476,0.234518,0.175,0.2547719,0.1962584,0.103,0.03411153,0.05667651,0.0365,0.1024815,0.1383609,0.0292,0.03396844,0.04088626,0.0394,0.02347234,0.02023142,0.027,0.522395,0.5727423,0.225,0.1969552,0.2868187,0.262,0.4345638,0.6339974,0.573,0.04143271,0.05329566,0.0363
0.065,0.2683659,0.2394223,0.24,0.3020571,0.235988,0.104,0.0379362,0.06572138,0.0371,0.1507758,0.1670789,0.032,0.03727915,0.04188509,0.0388,0.02352994,0.02026047,0.0287,0.6029468,0.6937329,0.253,0.1986858,0.2565177,0.259,0.507498,0.4750783,0.552,0.04162339,0.05047571,0.0505
0.067,0.2665913,0.260395,0.23,0.304445,0.2642185,0.11,0.03679033,0.06941219,0.0393,0.1673306,0.1843609,0.0362,0.03890309,0.0421644,0.0378,0.02388354,0.02020664,0.0294,0.6685408,0.6840029,0.246,0.1900095,0.2554661,0.242,0.4885164,0.5142097,0.516,0.04443998,0.05005408,0.0532
0.07,0.2571745,0.2830571,0.204,0.2861104,0.2739739,0.102,0.0387485,0.06838991,0.0481,0.1828839,0.227761,0.04,0.03933208,0.04215722,0.0374,0.02429743,0.02020378,0.0291,0.7436478,0.7122983,0.262,0.2197153,0.2717438,0.256,0.4862915,0.6158504,0.456,0.04741456,0.05328209,0.0533
0.075,0.2641478,0.276956,0.198,0.2733774,0.2905642,0.128,0.04029742,0.06805195,0.0541,0.2184272,0.2826759,0.0371,0.03746441,0.04655837,0.04,0.02447698,0.02122989,0.0303,0.6619659,0.7904925,0.349,0.2546249,0.3314516,0.3,0.4996829,0.701993,0.557,0.04730904,0.05656864,0.0411
0.08,0.3126449,0.2921112,0.195,0.3035549,0.3038445,0.146,0.04381119,0.08117086,0.0616,0.189983,0.2290777,0.038,0.04146922,0.05137716,0.0424,0.02501041,0.02332012,0.0301,0.6370089,0.6952079,0.354,0.2614509,0.3283277,0.322,0.5061673,0.7680716,0.563,0.05085325,0.06281564,0.0378
0.085,0.3372557,0.2965082,0.198,0.320905,0.2885962,0.142,0.05007772,0.08576307,0.057,0.2014882,0.2351346,0.0387,0.0401392,0.04995252,0.0442,0.02667253,0.02494008,0.0317,0.4571833,0.497057,0.319,0.2865277,0.3348837,0.378,0.4881699,0.7277923,0.6,0.05381686,0.05950159,0.0394
0.09,0.3354902,0.321076,0.2,0.3302948,0.3066934,0.148,0.0475594,0.08859318,0.0564,0.2098297,0.2768248,0.0386,0.0402079,0.04349869,0.0513,0.02721843,0.02637071,0.0361,0.4256208,0.3583592,0.285,0.3129115,0.3762311,0.349,0.5146655,0.8151165,0.479,0.05699314,0.06741733,0.0411
0.095,0.326476,0.3257074,0.226,0.3091097,0.340738,0.174,0.05171381,0.08383382,0.0557,0.1654874,0.3018066,0.0369,0.04363955,0.04615827,0.056,0.0266431,0.02701153,0.0397,0.3464479,0.337231,0.228,0.3066154,0.3926777,0.318,0.5382254,0.8786536,0.469,0.05483394,0.07982145,0.0373
0.1,0.3548334,0.3003052,0.233,0.3902667,0.3778672,0.181,0.05202585,0.08646786,0.0541,0.1648876,0.2718332,0.0339,0.04657103,0.05568156,0.0523,0.02610634,0.02408974,0.0449,0.2765642,0.2656434,0.206,0.3038357,0.4102804,0.331,0.4781698,0.820477,0.418,0.06567422,0.08619229,0.0433
0.11,0.3006917,0.2690459,0.218,0.3869893,0.3662575,0.177,0.0622961,0.08444337,0.047,0.1593962,0.2351308,0.0369,0.04673644,0.05048586,0.0593,0.0268051,0.03240883,0.0503,0.3123869,0.2251507,0.165,0.3497452,0.4597232,0.269,0.5246704,0.942533,0.445,0.08971232,0.08765079,0.0435
0.12,0.3733526,0.2719869,0.199,0.3408147,0.3905132,0.192,0.06438407,0.1081282,0.0469,0.1314042,0.1489752,0.0312,0.04988743,0.06139601,0.0617,0.02859182,0.03785374,0.0488,0.2821812,0.2708135,0.192,0.4859514,0.5419112,0.258,0.6127717,0.8415877,0.522,0.1003087,0.07851309,0.0461
0.13,0.3273908,0.3502646,0.179,0.3469757,0.4002706,0.153,0.05913844,0.1301278,0.0446,0.1190589,0.1361407,0.0365,0.05765889,0.06721297,0.0723,0.02935898,0.03408344,0.0502,0.3355687,0.2280227,0.22,0.3552769,0.6312881,0.293,0.5942709,0.8782585,0.494,0.1136097,0.09049129,0.0551
0.133,0.3134447,0.358282,0.172,0.365955,0.4212308,0.159,0.05912261,0.1354015,0.0438,0.1146084,0.1320122,0.0363,0.05746405,0.07052217,0.0716,0.0305806,0.03553229,0.0499,0.3348632,0.2320245,0.211,0.3384666,0.6388142,0.294,0.6077737,0.9486175,0.542,0.1138929,0.08590987,0.0523
0.14,0.3165217,0.3718471,0.153,0.356314,0.3738146,0.167,0.05384696,0.150424,0.0439,0.1116339,0.1129861,0.0376,0.06649499,0.07396976,0.0636,0.03502862,0.03656599,0.0472,0.3230272,0.2267373,0.184,0.3927454,0.6498325,0.284,0.5338772,0.8851704,0.535,0.1039604,0.08382499,0.0428
0.15,0.3052042,0.4216958,0.146,0.320296,0.4157516,0.15,0.06038509,0.1551426,0.0545,0.091585,0.08942901,0.0404,0.06303864,0.06431122,0.0513,0.03845339,0.04395773,0.0453,0.2868786,0.1760202,0.15,0.4349018,0.7410146,0.26,0.4791346,0.7978246,0.461,0.09354164,0.09605757,0.042
0.16,0.3395134,0.3568838,0.162,0.3057074,0.3652307,0.187,0.07056991,0.2211688,0.0511,0.1151344,0.1012021,0.0397,0.05746703,0.07206111,0.0589,0.0400048,0.04468135,0.059,0.3194148,0.1575507,0.148,0.3936871,0.7666264,0.282,0.4657168,0.7114348,0.435,0.1202902,0.08492104,0.0554
0.17,0.2857048,0.3436734,0.167,0.3423571,0.3454881,0.189,0.07904334,0.2645108,0.0433,0.1046304,0.09468538,0.0361,0.07989076,0.07833888,0.062,0.03695913,0.04555074,0.0789,0.2877886,0.1622703,0.146,0.3273085,0.7352546,0.281,0.4749776,0.6836948,0.457,0.1216853,0.1048006,0.06
0.18,0.2796191,0.3410567,0.166,0.2884815,0.4432405,0.19,0.0869126,0.2800109,0.0459,0.09694351,0.09256341,0.0382,0.08194676,0.07938744,0.0703,0.04581864,0.05755473,0.0852,0.2227242,0.138949,0.14,0.2870392,0.7506421,0.356,0.5482662,0.6843458,0.422,0.1157867,0.1061382,0.0531
0.19,0.2871895,0.2775302,0.203,0.2752721,0.5133505,0.179,0.07234187,0.2425447,0.0487,0.09660228,0.1104566,0.0332,0.08011875,0.08955928,0.0687,0.04823906,0.06301785,0.072,0.1745598,0.1431637,0.143,0.3566633,0.8834838,0.428,0.615997,0.6944375,0.451,0.1094044,0.09722872,0.0461
0.2,0.2769595,0.2937576,0.196,0.2633479,0.5141651,0.174,0.07238101,0.2041451,0.0455,0.09710769,0.09920026,0.0297,0.08654028,0.1093738,0.081,0.04437161,0.06285967,0.0777,0.1629205,0.139245,0.122,0.3975673,0.9885055,0.449,0.6220206,0.8115968,0.525,0.1037664,0.1143523,0.0458
0.22,0.2290958,0.3486502,0.153,0.2886591,0.3713131,0.174,0.08390225,0.1469934,0.0592,0.08764263,0.08521321,0.0297,0.1038204,0.1001261,0.08,0.04971467,0.06682353,0.103,0.1581971,0.1081402,0.142,0.4626679,0.9369341,0.392,0.6858571,0.6148956,0.531,0.123758,0.1092246,0.0635
0.24,0.3019032,0.3882467,0.233,0.3545719,0.3872605,0.176,0.07528669,0.1468613,0.0668,0.07267034,0.09807984,0.0359,0.1139339,0.1218811,0.0818,0.0445231,0.058687,0.1,0.2055296,0.08864342,0.129,0.6304295,0.7832236,0.296,0.5048002,0.5148513,0.37,0.1413137,0.1084154,0.0499
0.25,0.3237308,0.3271733,0.223,0.3382179,0.4518693,0.192,0.07377937,0.1314692,0.0592,0.07309011,0.1061696,0.0389,0.1144699,0.1207183,0.0893,0.0467047,0.0627728,0.0956,0.2343634,0.08115795,0.119,0.6637285,0.7058665,0.248,0.536597,0.4983272,0.325,0.124616,0.09977923,0.0488
0.26,0.2714031,0.3125732,0.174,0.316469,0.4401465,0.202,0.06334768,0.1462545,0.0535,0.08713903,0.1033637,0.0359,0.1095823,0.1254497,0.105,0.04902659,0.06577799,0.0959,0.2349253,0.08816732,0.115,0.604712,0.7181634,0.254,0.5276561,0.4369426,0.297,0.1048288,0.1043639,0.0516
0.28,0.1809555,0.3056111,0.101,0.3595186,0.2964526,0.174,0.06064571,0.1339741,0.0448,0.07688624,0.09620457,0.033,0.09172161,0.1232209,0.121,0.04207338,0.05918911,0.0762,0.2417089,0.0859151,0.142,0.4821446,0.707931,0.284,0.4712194,0.4913866,0.346,0.08531968,0.08921717,0.0462
0.29,0.1748016,0.3285251,0.0883,0.3791637,0.2455708,0.169,0.06351773,0.1384777,0.0474,0.06676563,0.08655599,0.0391,0.09627949,0.1118205,0.125,0.04448988,0.0660343,0.0742,0.2668773,0.08839403,0.154,0.4451332,0.6832865,0.251,0.5146009,0.5259099,0.355,0.07982124,0.08784448,0.0517
0.3,0.1833815,0.3500617,0.107,0.392944,0.2276341,0.194,0.07593837,0.1444556,0.0477,0.05333711,0.071685,0.0393,0.1134019,0.1253386,0.119,0.04601907,0.07336615,0.0676,0.279005,0.1011774,0.14,0.4032663,0.6281207,0.222,0.6136681,0.525364,0.338,0.08773776,0.09093294,0.0515
0.32,0.1666057,0.3260662,0.146,0.4101599,0.2666884,0.24,0.07442672,0.1265486,0.0408,0.04638671,0.05900947,0.038,0.1103535,0.1334575,0.0917,0.04703811,0.07537967,0.0529,0.2584624,0.1122028,0.12,0.3445983,0.7577128,0.248,0.7003301,0.4499142,0.318,0.0918049,0.1055464,0.0465
0.34,0.1937338,0.3074911,0.13,0.4968593,0.2622567,0.267,0.06669236,0.1248519,0.035,0.06147389,0.0658992,0.0357,0.08814795,0.1046197,0.0735,0.04878825,0.06009308,0.0429,0.2067674,0.109884,0.114,0.282356,0.783329,0.237,0.6651005,0.4771512,0.301,0.09579191,0.1127103,0.0408
0.35,0.2103575,0.301847,0.116,0.5581191,0.2630951,0.259,0.06231109,0.116431,0.033,0.05668961,0.06717464,0.0429,0.08629738,0.09164833,0.0689,0.05063942,0.06073121,0.042,0.1752574,0.1188615,0.12,0.2398589,0.7886006,0.23,0.7049146,0.4485506,0.293,0.1157361,0.1152128,0.038
0.36,0.234917,0.273323,0.103,0.5944123,0.261415,0.235,0.06389919,0.1113285,0.0329,0.04958278,0.06932388,0.0506,0.08653079,0.07380309,0.0622,0.05231811,0.0655469,0.0455,0.1750813,0.114754,0.121,0.2148176,0.7771161,0.229,0.7302045,0.4070938,0.301,0.127737,0.1133172,0.0439
0.38,0.2171179,0.2602625,0.0955,0.7688661,0.3307247,0.253,0.06493043,0.09748813,0.0321,0.05275005,0.07616284,0.0577,0.08284266,0.07372705,0.0468,0.04629666,0.06982366,0.0513,0.185173,0.09355212,0.109,0.2580277,0.7537464,0.21,0.6371378,0.3740246,0.312,0.1194847,0.09808478,0.0537
0.4,0.209515,0.2828724,0.102,0.7445257,0.3077991,0.261,0.05951132,0.08778821,0.0334,0.05037759,0.08651955,0.0544,0.07542923,0.07860047,0.038,0.04560566,0.06252297,0.0428,0.1816633,0.09859968,0.103,0.3071368,0.6929204,0.196,0.5972881,0.4319258,0.33,0.09570798,0.09098649,0.0491
0.42,0.1959422,0.2772151,0.0908,0.5912313,0.2959195,0.195,0.04885726,0.08185039,0.0377,0.04432253,0.09482335,0.0421,0.0759168,0.07535046,0.0321,0.0448374,0.0570638,0.0377,0.1969456,0.1077649,0.119,0.3221732,0.5496351,0.2,0.4413296,0.384251,0.268,0.08117495,0.09922193,0.0416
0.44,0.1917935,0.250245,0.0862,0.5500392,0.2967393,0.173,0.04752226,0.08524767,0.0358,0.04289566,0.09569168,0.0479,0.08118133,0.07567637,0.0291,0.04362155,0.05331998,0.037,0.2283926,0.09261777,0.137,0.3255743,0.3728732,0.18,0.4245156,0.445381,0.294,0.08922909,0.09625487,0.0358
0.45,0.1796076,0.2639143,0.0934,0.489898,0.2929362,0.171,0.04486213,0.0789583,0.0329,0.04510495,0.08964419,0.0479,0.0793389,0.07511617,0.0272,0.0450382,0.05270379,0.0365,0.2421215,0.08419176,0.145,0.3322932,0.3725339,0.158,0.4143007,0.4715386,0.294,0.09032687,0.09207572,0.0303
0.46,0.1624527,0.2937844,0.105,0.4497293,0.282324,0.164,0.04084852,0.07035916,0.0367,0.04458507,0.08163541,0.046,0.07452949,0.07235327,0.0251,0.04317553,0.04945097,0.0356,0.2471174,0.08032572,0.153,0.3322638,0.3672495,0.151,0.436419,0.4738941,0.275,0.089864,0.08800738,0.0288
0.48,0.1522497,0.3097091,0.132,0.3818978,0.3054656,0.146,0.03721704,0.06549904,0.0405,0.04655397,0.06130692,0.0439,0.06297895,0.05931656,0.0207,0.042259,0.04118001,0.0343,0.2397372,0.06826191,0.165,0.3053783,0.3576572,0.115,0.4565513,0.4493492,0.213,0.07976098,0.0828546,0.0271
0.5,0.1502241,0.2943502,0.147,0.3541555,0.3141357,0.137,0.03897573,0.06619823,0.0337,0.04408036,0.04808842,0.0448,0.06376597,0.04271484,0.0185,0.04509715,0.04058955,0.0296,0.2266942,0.0629888,0.167,0.2646972,0.333672,0.0811,0.4155468,0.3678477,0.187,0.07927854,0.07416282,0.0241
0.55,0.1683952,0.294545,0.147,0.308515,0.2882024,0.175,0.05204971,0.0436507,0.0315,0.04592474,0.04227054,0.0485,0.04272142,0.04101964,0.016,0.04574543,0.03998455,0.0336,0.1869135,0.07341564,0.151,0.1936288,0.3693472,0.0594,0.4357415,0.3234991,0.141,0.07054554,0.0562489,0.0282
0.6,0.133189,0.2576986,0.101,0.26229,0.3697334,0.17,0.06601515,0.04615593,0.0451,0.05059471,0.02892159,0.0394,0.03347114,0.03032336,0.0146,0.04432777,0.04168219,0.0297,0.1514605,0.06539514,0.105,0.148066,0.3372729,0.0711,0.4206598,0.2780018,0.193,0.05958175,0.06995145,0.0302
0.65,0.1164355,0.2215016,0.0905,0.2614937,0.3818669,0.183,0.05773479,0.05807806,0.047,0.04194324,0.02966096,0.0284,0.02972959,0.02955078,0.011,0.05197562,0.0388872,0.0302,0.1360414,0.05019453,0.0801,0.1370691,0.2577065,0.0815,0.4698923,0.3882593,0.212,0.0581719,0.07585301,0.0239
0.667,0.1116711,0.2221688,0.103,0.2431696,0.3586982,0.18,0.05373989,0.06141313,0.046,0.03709231,0.02760975,0.0279,0.02705493,0.03045236,0.0107,0.05603365,0.04290739,0.0289,0.1300768,0.05020703,0.0741,0.1236199,0.2290924,0.085,0.4287249,0.371697,0.205,0.05191144,0.09298065,0.0254
0.7,0.1226968,0.2430721,0.118,0.1789522,0.2756479,0.164,0.04395268,0.05904636,0.0479,0.03951954,0.02821063,0.031,0.02747026,0.03100999,0.0094,0.0578283,0.04463883,0.0228,0.1152363,0.0478847,0.0609,0.09390125,0.202285,0.0796,0.3408062,0.3129278,0.196,0.05092973,0.1094776,0.0295
0.75,0.1543027,0.2221822,0.083,0.1418646,0.1909368,0.131,0.03878988,0.04873615,0.0503,0.04640144,0.02581056,0.0308,0.02616145,0.03645832,0.00933,0.06663827,0.04660599,0.0238,0.09004043,0.04375015,0.0636,0.06080731,0.1645153,0.0608,0.2348645,0.2256887,0.184,0.06094541,0.09914795,0.0285
0.8,0.1541165,0.2362051,0.065,0.1765342,0.1665532,0.155,0.03854924,0.05777341,0.0547,0.03915564,0.0344582,0.0339,0.02627143,0.03161328,0.0102,0.06556984,0.04024759,0.0199,0.07082931,0.04414839,0.076,0.04868104,0.1356156,0.0564,0.2155811,0.2196161,0.177,0.07337029,0.08062267,0.0262
0.85,0.1283584,0.2520868,0.0714,0.1840928,0.1704505,0.14,0.04082085,0.05029693,0.0471,0.03609263,0.03696872,0.038,0.03131169,0.02786395,0.0118,0.06336379,0.03794857,0.0199,0.05754532,0.04501277,0.0803,0.05201798,0.1173144,0.0447,0.2343657,0.2533143,0.148,0.06879714,0.07550238,0.0314
0.9,0.1131819,0.2102523,0.0633,0.160259,0.1771706,0.0969,0.03601203,0.04256697,0.042,0.03777554,0.03663562,0.0342,0.03082056,0.02650279,0.0125,0.0619105,0.03891344,0.0243,0.04993313,0.05238115,0.0799,0.0526525,0.1062678,0.0499,0.2553016,0.2867333,0.108,0.07111377,0.0670505,0.0336
0.95,0.1006209,0.1770485,0.0549,0.1704454,0.2057872,0.0783,0.03668518,0.03947087,0.0344,0.03848283,0.02491852,0.0304,0.02528254,0.02389771,0.0129,0.05725096,0.04044897,0.0243,0.04552441,0.05944207,0.0766,0.05475458,0.1047963,0.053,0.2406978,0.2887376,0.0985,0.06065124,0.06845966,0.0282
1.0,0.09394894,0.1734673,0.0541,0.192123,0.1993061,0.079,0.03419339,0.03628326,0.0325,0.03523736,0.02226183,0.0274,0.02123591,0.01896748,0.0122,0.0561288,0.0423357,0.0249,0.04204125,0.06368097,0.0712,0.0507546,0.1047845,0.0473,0.2426572,0.280467,0.139,0.04806409,0.07104336,0.0242
1.1,0.1128075,0.1621968,0.0302,0.1630627,0.1630319,0.0693,0.04134472,0.03005574,0.0322,0.02249785,0.01874412,0.0214,0.01698089,0.01197483,0.0118,0.05455471,0.0422281,0.0246,0.0367147,0.06524901,0.0676,0.04323712,0.1179575,0.0397,0.2384701,0.2715951,0.155,0.05602269,0.0578674,0.0233
1.2,0.1081081,0.1236912,0.0249,0.1219662,0.1248332,0.0804,0.04151781,0.03002572,0.0229,0.01449184,0.01554298,0.0153,0.01394754,0.01556288,0.00764,0.04889027,0.03514877,0.0248,0.04074852,0.06383133,0.0672,0.04564828,0.1315829,0.0336,0.1962825,0.229899,0.121,0.04247321,0.05346566,0.0288
1.3,0.07184269,0.08567802,0.0203,0.1151917,0.09941579,0.0664,0.04101657,0.03929515,0.0248,0.01777169,0.01260839,0.0121,0.01185455,0.0123072,0.00604,0.03865989,0.02410198,0.0194,0.0414561,0.06166217,0.0581,0.05118409,0.1389312,0.0294,0.1864529,0.2319599,0.0864,0.02790785,0.044394,0.026
1.4,0.05385368,0.06691785,0.0211,0.121122,0.07386917,0.0458,0.03538123,0.04288004,0.0315,0.01589955,0.01896449,0.0108,0.01181619,0.01047894,0.00637,0.03156656,0.01756061,0.017,0.03692962,0.05985876,0.0566,0.0579917,0.148305,0.0346,0.155404,0.2552706,0.112,0.02433812,0.03793566,0.0273
1.5,0.05309615,0.066607,0.0247,0.1111854,0.07049573,0.0345,0.03034293,0.03781186,0.0364,0.0180905,0.02334732,0.0101,0.01178637,0.01129133,0.00685,0.02814062,0.01473428,0.02,0.03218564,0.057698,0.0519,0.05706064,0.1527181,0.0461,0.1878515,0.2483213,0.126,0.02643292,0.03565827,0.0235
1.6,0.05265203,0.06273451,0.0212,0.08652309,0.06185721,0.0326,0.03649016,0.03433025,0.0428,0.01649645,0.02221563,0.00806,0.01198188,0.00990523,0.00477,0.02637021,0.01553281,0.0175,0.03094006,0.05666625,0.0497,0.05001096,0.1508642,0.0484,0.1767555,0.1972311,0.1,0.02811056,0.03646277,0.0283
1.7,0.04876815,0.05077392,0.0166,0.0693672,0.05027563,0.0308,0.04058496,0.03603205,0.0428,0.01234171,0.01913309,0.0105,0.01111114,0.00851777,0.00346,0.02274489,0.01491453,0.0147,0.03082352,0.05634225,0.0492,0.05162017,0.159085,0.0435,0.1579766,0.175582,0.0886,0.03097594,0.03698897,0.0373
1.8,0.04205164,0.03840614,0.0188,0.06123789,0.05596636,0.0266,0.04295063,0.03385207,0.0309,0.01326955,0.01551374,0.0102,0.00996017,0.00840301,0.00347,0.01783367,0.01176397,0.0111,0.03532493,0.0574243,0.0504,0.0500894,0.138242,0.0406,0.1566898,0.1827308,0.0958,0.03263149,0.03621782,0.0391
1.9,0.03502174,0.03285184,0.0191,0.06104242,0.06029144,0.0312,0.0346816,0.02723276,0.0273,0.0119658,0.01310182,0.00884,0.00948656,0.00800755,0.00308,0.01449189,0.00982809,0.0106,0.0414706,0.05861614,0.0531,0.05606687,0.1235174,0.0303,0.1298931,0.1926549,0.0973,0.03957624,0.03854467,0.0376
2.0,0.02858332,0.03366265,0.0221,0.06525137,0.05818382,0.0302,0.03012945,0.0236133,0.0248,0.01521104,0.01283779,0.00884,0.00910728,0.00703494,0.00356,0.01290231,0.01103624,0.011,0.0443843,0.05910143,0.057,0.05279032,0.1084445,0.0307,0.1314706,0.1862549,0.0932,0.05181946,0.04259681,0.0369
2.2,0.02067443,0.0354495,0.0183,0.0659031,0.04834475,0.0243,0.02994992,0.0197206,0.0169,0.01694365,0.01130769,0.0116,0.00919889,0.00645613,0.00403,0.01029954,0.01102346,0.0126,0.03994998,0.05614987,0.0572,0.0447901,0.08608508,0.0332,0.1838346,0.251314,0.103,0.05645746,0.04646952,0.0358
2.4,0.02108151,0.03473478,0.0181,0.05641379,0.04117366,0.0239,0.02363813,0.01645117,0.0133,0.01806203,0.00847953,0.00974,0.00940014,0.00704243,0.0034,0.00806005,0.00980726,0.0134,0.02956693,0.05196349,0.06,0.04095048,0.0762312,0.0326,0.1666714,0.1948169,0.0722,0.04022132,0.04198331,0.0248
2.5,0.01855579,0.03473832,0.0175,0.05107567,0.03765204,0.0235,0.02163079,0.01659482,0.0146,0.01781485,0.00797777,0.00799,0.00900668,0.0074401,0.00313,0.00723143,0.00973918,0.0119,0.02370916,0.04949228,0.0574,0.03970169,0.07419974,0.0314,0.1430182,0.1664334,0.0628,0.03478948,0.03936444,0.0258
2.6,0.01609984,0.03263799,0.0166,0.04583326,0.03423063,0.0222,0.02234507,0.01768425,0.017,0.01764173,0.00821209,0.00646,0.00876418,0.0075948,0.00298,0.00645814,0.00910428,0.00967,0.02258354,0.04630525,0.0531,0.03838541,0.06622059,0.0306,0.1197168,0.1596258,0.0597,0.0312831,0.03730155,0.0277
2.8,0.01489495,0.02502305,0.0174,0.03584598,0.03354328,0.0175,0.02236641,0.01880237,0.0176,0.01982338,0.00858239,0.00478,0.00813,0.00716634,0.00288,0.00508899,0.00861257,0.00843,0.01965916,0.04078454,0.0431,0.03296603,0.05134529,0.0276,0.09351745,0.128022,0.0515,0.03460261,0.03104309,0.0345
3.0,0.01291982,0.01726402,0.0143,0.02901616,0.02700181,0.0136,0.01987369,0.01710391,0.0179,0.01874761,0.0101727,0.00485,0.00775826,0.00744361,0.00284,0.00440403,0.0094322,0.00789,0.01595462,0.03641373,0.0347,0.02838765,0.04627022,0.0268,0.08780133,0.09999222,0.0324,0.0364363,0.02438963,0.041
3.2,0.01550848,0.0122718,0.0114,0.02463146,0.0230818,0.0132,0.02145847,0.01609524,0.018,0.01641788,0.00962674,0.00464,0.00698448,0.00732489,0.00258,0.00494841,0.00952185,0.00667,0.01279565,0.0364073,0.0288,0.02468959,0.04249071,0.0255,0.08357655,0.08653043,0.0266,0.03732191,0.02169317,0.0493
3.4,0.01919135,0.01023894,0.00949,0.02249817,0.02008899,0.0128,0.02518927,0.01552765,0.0164,0.01395486,0.00788942,0.00452,0.00725804,0.00689639,0.00216,0.00472869,0.00935057,0.00518,0.01060629,0.03613164,0.0236,0.02604304,0.05805416,0.0227,0.07295868,0.0765791,0.0268,0.03852117,0.02863499,0.0563
3.5,0.01975647,0.00999299,0.00864,0.0212479,0.01860963,0.0124,0.0269817,0.01550096,0.0148,0.0127992,0.00718746,0.00453,0.0076734,0.00664048,0.00191,0.00450054,0.00941225,0.00505,0.01006272,0.03593693,0.0211,0.02676559,0.06291968,0.0212,0.07032903,0.07047535,0.0281,0.03756354,0.03032925,0.0576
3.6,0.02021489,0.01003719,0.00791,0.01994015,0.01723601,0.012,0.02798238,0.01558298,0.0133,0.01191125,0.0068212,0.00462,0.00794616,0.00629538,0.00163,0.00455009,0.00930775,0.00475,0.00978526,0.03560963,0.0185,0.02673903,0.06544309,0.0187,0.06935806,0.06953875,0.0285,0.03739735,0.03065371,0.057
3.8,0.01928462,0.01047999,0.00713,0.01722497,0.01486105,0.0109,0.02898229,0.01592056,0.011,0.01072155,0.00626553,0.00506,0.00793141,0.0054794,0.00155,0.00385559,0.00836054,0.00365,0.00937086,0.0353823,0.0142,0.02484004,0.06626058,0.014,0.06666708,0.05186066,0.0258,0.03668724,0.02857476,0.0538
4.0,0.01666361,0.01081405,0.00688,0.01456425,0.01302074,0.0106,0.02762111,0.01600514,0.00901,0.00945332,0.00612052,0.00568,0.00767986,0.00488508,0.00157,0.00342168,0.00659111,0.0032,0.00899736,0.03466181,0.0123,0.02388924,0.06167615,0.0154,0.05477696,0.04737004,0.0216,0.03796988,0.02502226,0.0481
4.2,0.01358313,0.01074324,0.00672,0.01216573,0.01161762,0.0108,0.0243573,0.01629046,0.00892,0.00795876,0.00527553,0.00611,0.00724109,0.00432004,0.0015,0.00315756,0.00548679,0.003,0.0089041,0.03318391,0.0121,0.02388948,0.05595339,0.0159,0.04680821,0.04443988,0.0166,0.04099287,0.02171985,0.0444
4.4,0.01081467,0.01023845,0.00692,0.01008693,0.01051645,0.0101,0.02005447,0.01640385,0.00996,0.00683749,0.00384694,0.0065,0.00660441,0.00388742,0.00137,0.00264772,0.00486885,0.00273,0.00909043,0.03141446,0.0117,0.02328743,0.04991988,0.0152,0.03457475,0.03748067,0.0139,0.04206035,0.01936677,0.0415
4.6,0.00869823,0.00939699,0.00647,0.00835417,0.00961504,0.00865,0.01886577,0.01556184,0.0114,0.00558369,0.00388239,0.00658,0.0060339,0.00360163,0.0012,0.00205213,0.00431044,0.00244,0.00924588,0.02916164,0.0111,0.02172552,0.04872639,0.0142,0.02783699,0.02895934,0.0127,0.04137768,0.01712133,0.0391
4.8,0.00723338,0.00835939,0.00557,0.0069469,0.00884251,0.00787,0.01881636,0.01403185,0.013,0.00430978,0.00378341,0.00628,0.00554517,0.00346112,0.00103,0.00203017,0.00389196,0.00207,0.00932458,0.02672713,0.0104,0.01914379,0.04807253,0.0147,0.02445355,0.02393418,0.012,0.04071847,0.01514433,0.039
5.0,0.00622254,0.0077345,0.00444,0.00582334,0.00815544,0.00677,0.01897179,0.0130106,0.0145,0.00321325,0.00372787,0.00591,0.0050628,0.00340001,0.000989,0.00202409,0.00358396,0.00173,0.00948975,0.02560363,0.00957,0.01726657,0.04911173,0.0141,0.02139236,0.01972773,0.0117,0.03840813,0.01379146,0.0382
5.5,0.00495488,0.00584704,0.00275,0.00394811,0.00669237,0.00458,0.01994961,0.01192157,0.0168,0.00276344,0.00407787,0.00497,0.00340177,0.00306375,0.000889,0.00178612,0.00267049,0.00143,0.01003523,0.02232447,0.00927,0.01219318,0.04780972,0.0106,0.02035868,0.01318144,0.0106,0.03061843,0.01350424,0.0331
6.0,0.00410882,0.00371228,0.00168,0.00292062,0.00548743,0.00362,0.02190299,0.01103376,0.0178,0.00303623,0.0029569,0.00365,0.00277437,0.00273887,0.000712,0.00160282,0.00220831,0.00116,0.00927566,0.01881325,0.00885,0.00874433,0.0412515,0.00779,0.01844043,0.01242912,0.0104,0.02414718,0.01501795,0.0275
6.5,0.0033114,0.00296506,0.00128,0.00233762,0.00450567,0.00287,0.02670129,0.01014704,0.0182,0.00357532,0.00207686,0.00273,0.0022825,0.00242559,0.000548,0.00136721,0.00193943,0.00111,0.0078281,0.01517147,0.00807,0.00592738,0.03482051,0.00649,0.01413207,0.01185405,0.0118,0.01805273,0.01638474,0.0214
7.0,0.00262703,0.00297397,0.00118,0.00198101,0.00372422,0.00227,0.02874771,0.00948699,0.0179,0.00353523,0.0019576,0.00189,0.00192519,0.00196371,0.000416,0.00114509,0.00167463,0.00104,0.00700159,0.01256387,0.00706,0.00540445,0.02977302,0.00551,0.01163404,0.00958699,0.0114,0.01333419,0.01482251,0.0176
7.5,0.0021118,0.00274128,0.0011,0.00174037,0.00310499,0.00182,0.02717138,0.01009046,0.0158,0.00300674,0.00177793,0.00151,0.00168049,0.00157637,0.000387,0.00084878,0.00145044,0.00108,0.00635026,0.01123871,0.00691,0.00473306,0.02397173,0.0046,0.01040895,0.00756326,0.00941,0.01112283,0.01419257,0.0135
8.0,0.00175363,0.00239118,0.000951,0.00156136,0.00261555,0.00149,0.02434549,0.01154129,0.0127,0.00233769,0.00149551,0.00136,0.0014718,0.0013405,0.000378,0.00067107,0.00127447,0.00124,0.00604669,0.010045,0.00643,0.00417054,0.0192114,0.0038,0.00877398,0.00689694,0.00814,0.00936549,0.01286013,0.0103
8.5,0.00150947,0.00187316,0.000773,0.00141738,0.00222732,0.00124,0.02181467,0.01150447,0.0105,0.00170552,0.0013028,0.00157,0.00128383,0.00114879,0.000345,0.00062977,0.00110933,0.0013,0.00574207,0.00891172,0.00579,0.00403064,0.0160911,0.00328,0.00714722,0.00609651,0.00773,0.00792712,0.0110397,0.00871
9.0,0.00133584,0.0013582,0.000603,0.00129536,0.00191708,0.00105,0.0185116,0.0112416,0.00914,0.00141353,0.00138239,0.0017,0.00112421,0.0010289,0.000304,0.00062324,0.00093458,0.00125,0.00551048,0.00788711,0.00512,0.00380202,0.01332323,0.00309,0.00573615,0.00503141,0.00792,0.00674473,0.00899866,0.00722
9.5,0.00120168,0.00105705,0.000511,0.00118866,0.00166677,0.000906,0.01505774,0.00985289,0.00776,0.00114078,0.00123028,0.00163,0.00100331,0.00092962,0.000267,0.00061264,0.00080911,0.00111,0.00515176,0.00695944,0.00447,0.0035259,0.01128254,0.00262,0.00460069,0.00485714,0.00755,0.00576529,0.00719556,0.00593
10.0,0.00108884,0.00086322,0.00046,0.00109373,0.0014627,0.00079,0.01319644,0.00802502,0.00648,0.0009442,0.00103104,0.00144,0.00089551,0.00085912,0.000236,0.00059676,0.00079733,0.000917,0.0047488,0.00612747,0.00386,0.00323037,0.00990582,0.00204,0.00372118,0.00499778,0.00694,0.00494875,0.00646609,0.00484
11.0,0.00089657,0.00079436,0.000352,0.00093163,0.00115444,0.000622,0.00992135,0.00560616,0.00472,0.00064796,0.00096908,0.00132,0.00072477,0.00079435,0.000187,0.00054974,0.00073604,0.000885,0.00403048,0.00476698,0.00283,0.0029453,0.00756045,0.00177,0.00254506,0.00578875,0.00531,0.00369143,0.00497421,0.00326
12.0,0.00073559,0.00072417,0.000313,0.00079916,0.00093655,0.000506,0.00785518,0.00394431,0.00364,0.00055816,0.00085743,0.000987,0.0007168,0.00077343,0.000149,0.00048658,0.00064781,0.000631,0.00338154,0.00370163,0.00206,0.00263986,0.00575239,0.00161,0.00186636,0.00556985,0.00424,0.00280868,0.00374066,0.00235
13.0,0.00060284,0.00057571,0.000281,0.00069029,0.0007768,0.000422,0.00608179,0.00316559,0.00279,0.00051787,0.00076326,0.000786,0.00065368,0.00072294,0.000132,0.00041653,0.00055222,0.000452,0.00278786,0.00288823,0.00151,0.00214719,0.0044233,0.0013,0.00177043,0.00472555,0.00367,0.00236698,0.00281356,0.00184
14.0,0.0004966,0.00053065,0.000241,0.0006004,0.00065599,0.000358,0.00467062,0.00248483,0.00215,0.00051731,0.00064361,0.000666,0.0005602,0.00067378,0.000112,0.00034927,0.00046021,0.000345,0.00228904,0.00226349,0.00121,0.00163674,0.0036615,0.00101,0.00164379,0.00371935,0.00312,0.0020159,0.00211655,0.00146
15.0,0.00041325,0.00048301,0.000203,0.00052581,0.00056221,0.000309,0.00361409,0.00205052,0.0017,0.00051978,0.00056377,0.000535,0.00046341,0.00059778,9.15e-05,0.00029065,0.00037829,0.000283,0.00193951,0.00182313,0.00102,0.00135788,0.00303904,0.000882,0.00150041,0.00355929,0.00264,0.00173336,0.00161334,0.00118
20.0,0.00019997,0.00028859,9.54e-05,0.0002969,0.0003025,0.000169,0.00181014,0.00078514,0.000833,0.00041141,0.00020378,0.000317,0.00018586,0.00025592,3.9e-05,0.00013151,0.00015125,0.000123,0.00107452,0.0012418,0.000545,0.0009016,0.00153184,0.000446,0.00091955,0.00245088,0.00119,0.00091721,0.00071567,0.000613
